source,year,volume,issue,page,rank,url,notes
Before_1956,1954,32,2,9,1,https://search.archives.nat.tn/fr/ANTthekira/Lecteur_des_archives/La%20Tunisie%20Medicale-1954#page/9/mode/2up,
Before_1956,1954,32,3,15,2,https://search.archives.nat.tn/fr/ANTthekira/Lecteur_des_archives/La%20Tunisie%20Medicale-1954#page/15/mode/2up,
Before_1956,1954,32,4,23,3,https://search.archives.nat.tn/fr/ANTthekira/Lecteur_des_archives/La%20Tunisie%20Medicale-1954#page/23/mode/2up,
Before_1956,1954,32,5,45,4,https://search.archives.nat.tn/fr/ANTthekira/Lecteur_des_archives/La%20Tunisie%20Medicale-1954#page/45/mode/2up,
Before_1956,1954,32,6,47,5,https://search.archives.nat.tn/fr/ANTthekira/Lecteur_des_archives/La%20Tunisie%20Medicale-1954#page/47/mode/2up,
Before_1956,1954,32,1,53,6,https://search.archives.nat.tn/fr/ANTthekira/Lecteur_des_archives/La%20Tunisie%20Medicale-1954#page/53/mode/2up,
Before_1956,1954,32,2,59,7,https://search.archives.nat.tn/fr/ANTthekira/Lecteur_des_archives/La%20Tunisie%20Medicale-1954#page/59/mode/2up,
Before_1956,1954,32,3,63,8,https://search.archives.nat.tn/fr/ANTthekira/Lecteur_des_archives/La%20Tunisie%20Medicale-1954#page/63/mode/2up,
Before_1956,1954,32,4,67,9,https://search.archives.nat.tn/fr/ANTthekira/Lecteur_des_archives/La%20Tunisie%20Medicale-1954#page/67/mode/2up,
Before_1956,1954,32,5,83,10,https://search.archives.nat.tn/fr/ANTthekira/Lecteur_des_archives/La%20Tunisie%20Medicale-1954#page/83/mode/2up,
Before_1956,1954,32,6,87,11,https://search.archives.nat.tn/fr/ANTthekira/Lecteur_des_archives/La%20Tunisie%20Medicale-1954#page/87/mode/2up,
Before_1956,1954,32,1,99,12,https://search.archives.nat.tn/fr/ANTthekira/Lecteur_des_archives/La%20Tunisie%20Medicale-1954#page/99/mode/2up,
Before_1956,1954,,,117,13,https://search.archives.nat.tn/fr/ANTthekira/Lecteur_des_archives/La%20Tunisie%20Medicale-1954#page/117/mode/2up,
Before_1956,1954,,,127,14,https://search.archives.nat.tn/fr/ANTthekira/Lecteur_des_archives/La%20Tunisie%20Medicale-1954#page/127/mode/2up,
Before_1956,1954,,,129,15,https://search.archives.nat.tn/fr/ANTthekira/Lecteur_des_archives/La%20Tunisie%20Medicale-1954#page/129/mode/2up,
Before_1956,1954,,,133,16,https://search.archives.nat.tn/fr/ANTthekira/Lecteur_des_archives/La%20Tunisie%20Medicale-1954#page/133/mode/2up,
Before_1956,1954,,,137,17,https://search.archives.nat.tn/fr/ANTthekira/Lecteur_des_archives/La%20Tunisie%20Medicale-1954#page/137/mode/2up,
Before_1956,1954,,,139,18,https://search.archives.nat.tn/fr/ANTthekira/Lecteur_des_archives/La%20Tunisie%20Medicale-1954#page/139/mode/2up,
Before_1956,1954,,,143,19,https://search.archives.nat.tn/fr/ANTthekira/Lecteur_des_archives/La%20Tunisie%20Medicale-1954#page/143/mode/2up,
Before_1956,1954,,,159,20,https://search.archives.nat.tn/fr/ANTthekira/Lecteur_des_archives/La%20Tunisie%20Medicale-1954#page/159/mode/2up,
Before_1956,1954,,,165,21,https://search.archives.nat.tn/fr/ANTthekira/Lecteur_des_archives/La%20Tunisie%20Medicale-1954#page/165/mode/2up,
Before_1956,1954,,,171,22,https://search.archives.nat.tn/fr/ANTthekira/Lecteur_des_archives/La%20Tunisie%20Medicale-1954#page/171/mode/2up,
Before_1956,1954,,,175,23,https://search.archives.nat.tn/fr/ANTthekira/Lecteur_des_archives/La%20Tunisie%20Medicale-1954#page/175/mode/2up,
Before_1956,1954,,,181,24,https://search.archives.nat.tn/fr/ANTthekira/Lecteur_des_archives/La%20Tunisie%20Medicale-1954#page/181/mode/2up,
Before_1956,1954,,,189,25,https://search.archives.nat.tn/fr/ANTthekira/Lecteur_des_archives/La%20Tunisie%20Medicale-1954#page/189/mode/2up,
Before_1956,1954,,,199,26,https://search.archives.nat.tn/fr/ANTthekira/Lecteur_des_archives/La%20Tunisie%20Medicale-1954#page/199/mode/2up,
Before_1956,1954,,,221,27,https://search.archives.nat.tn/fr/ANTthekira/Lecteur_des_archives/La%20Tunisie%20Medicale-1954#page/221/mode/2up,
Before_1956,1954,,,243,28,https://search.archives.nat.tn/fr/ANTthekira/Lecteur_des_archives/La%20Tunisie%20Medicale-1954#page/243/mode/2up,
Before_1956,1954,,,245,29,https://search.archives.nat.tn/fr/ANTthekira/Lecteur_des_archives/La%20Tunisie%20Medicale-1954#page/245/mode/2up,
Before_1956,1954,,,251,30,https://search.archives.nat.tn/fr/ANTthekira/Lecteur_des_archives/La%20Tunisie%20Medicale-1954#page/251/mode/2up,
Before_1956,1954,,,255,31,https://search.archives.nat.tn/fr/ANTthekira/Lecteur_des_archives/La%20Tunisie%20Medicale-1954#page/255/mode/2up,
Before_1956,1954,,,257,32,https://search.archives.nat.tn/fr/ANTthekira/Lecteur_des_archives/La%20Tunisie%20Medicale-1954#page/257/mode/2up,
Before_1956,1954,,,261,33,https://search.archives.nat.tn/fr/ANTthekira/Lecteur_des_archives/La%20Tunisie%20Medicale-1954#page/261/mode/2up,
Before_1956,1954,,,265,34,https://search.archives.nat.tn/fr/ANTthekira/Lecteur_des_archives/La%20Tunisie%20Medicale-1954#page/265/mode/2up,
Before_1956,1954,,,269,35,https://search.archives.nat.tn/fr/ANTthekira/Lecteur_des_archives/La%20Tunisie%20Medicale-1954#page/269/mode/2up,
Before_1956,1954,,,277,36,https://search.archives.nat.tn/fr/ANTthekira/Lecteur_des_archives/La%20Tunisie%20Medicale-1954#page/277/mode/2up,
Before_1956,1954,,,283,37,https://search.archives.nat.tn/fr/ANTthekira/Lecteur_des_archives/La%20Tunisie%20Medicale-1954#page/283/mode/2up,
Before_1956,1954,,,305,38,https://search.archives.nat.tn/fr/ANTthekira/Lecteur_des_archives/La%20Tunisie%20Medicale-1954#page/305/mode/2up,
Before_1956,1954,,,311,39,https://search.archives.nat.tn/fr/ANTthekira/Lecteur_des_archives/La%20Tunisie%20Medicale-1954#page/311/mode/2up,
Before_1956,1954,,,323,40,https://search.archives.nat.tn/fr/ANTthekira/Lecteur_des_archives/La%20Tunisie%20Medicale-1954#page/323/mode/2up,
Before_1956,1954,,,347,41,https://search.archives.nat.tn/fr/ANTthekira/Lecteur_des_archives/La%20Tunisie%20Medicale-1954#page/347/mode/2up,
Before_1956,1954,,,359,42,https://search.archives.nat.tn/fr/ANTthekira/Lecteur_des_archives/La%20Tunisie%20Medicale-1954#page/359/mode/2up,
Before_1956,1954,,,361,43,https://search.archives.nat.tn/fr/ANTthekira/Lecteur_des_archives/La%20Tunisie%20Medicale-1954#page/361/mode/2up,
Before_1956,1954,,,363,44,https://search.archives.nat.tn/fr/ANTthekira/Lecteur_des_archives/La%20Tunisie%20Medicale-1954#page/363/mode/2up,
Before_1956,1954,,,369,45,https://search.archives.nat.tn/fr/ANTthekira/Lecteur_des_archives/La%20Tunisie%20Medicale-1954#page/369/mode/2up,
Before_1956,1954,,,373,46,https://search.archives.nat.tn/fr/ANTthekira/Lecteur_des_archives/La%20Tunisie%20Medicale-1954#page/373/mode/2up,
Before_1956,1954,,,379,47,https://search.archives.nat.tn/fr/ANTthekira/Lecteur_des_archives/La%20Tunisie%20Medicale-1954#page/379/mode/2up,
Before_1956,1954,,,387,48,https://search.archives.nat.tn/fr/ANTthekira/Lecteur_des_archives/La%20Tunisie%20Medicale-1954#page/387/mode/2up,
Before_1956,1954,,,413,49,https://search.archives.nat.tn/fr/ANTthekira/Lecteur_des_archives/La%20Tunisie%20Medicale-1954#page/413/mode/2up,
Before_1956,1954,,,435,50,https://search.archives.nat.tn/fr/ANTthekira/Lecteur_des_archives/La%20Tunisie%20Medicale-1954#page/435/mode/2up,
Before_1956,1954,,,441,51,https://search.archives.nat.tn/fr/ANTthekira/Lecteur_des_archives/La%20Tunisie%20Medicale-1954#page/441/mode/2up,
Before_1956,1954,,,467,52,https://search.archives.nat.tn/fr/ANTthekira/Lecteur_des_archives/La%20Tunisie%20Medicale-1954#page/467/mode/2up,
Before_1956,1954,,,469,53,https://search.archives.nat.tn/fr/ANTthekira/Lecteur_des_archives/La%20Tunisie%20Medicale-1954#page/469/mode/2up,
Before_1956,1954,,,471,54,https://search.archives.nat.tn/fr/ANTthekira/Lecteur_des_archives/La%20Tunisie%20Medicale-1954#page/471/mode/2up,
Before_1956,1954,,,489,55,https://search.archives.nat.tn/fr/ANTthekira/Lecteur_des_archives/La%20Tunisie%20Medicale-1954#page/489/mode/2up,
Before_1956,1954,,,511,56,https://search.archives.nat.tn/fr/ANTthekira/Lecteur_des_archives/La%20Tunisie%20Medicale-1954#page/511/mode/2up,
Before_1956,1954,,,527,57,https://search.archives.nat.tn/fr/ANTthekira/Lecteur_des_archives/La%20Tunisie%20Medicale-1954#page/527/mode/2up,
Before_1956,1954,,,547,58,https://search.archives.nat.tn/fr/ANTthekira/Lecteur_des_archives/La%20Tunisie%20Medicale-1954#page/547/mode/2up,
Before_1956,1954,,,563,59,https://search.archives.nat.tn/fr/ANTthekira/Lecteur_des_archives/La%20Tunisie%20Medicale-1954#page/563/mode/2up,
Before_1956,1954,,,583,60,https://search.archives.nat.tn/fr/ANTthekira/Lecteur_des_archives/La%20Tunisie%20Medicale-1954#page/583/mode/2up,
Before_1956,1954,,,595,61,https://search.archives.nat.tn/fr/ANTthekira/Lecteur_des_archives/La%20Tunisie%20Medicale-1954#page/595/mode/2up,
Before_1956,1954,,,615,62,https://search.archives.nat.tn/fr/ANTthekira/Lecteur_des_archives/La%20Tunisie%20Medicale-1954#page/615/mode/2up,
Before_1956,1954,,,627,63,https://search.archives.nat.tn/fr/ANTthekira/Lecteur_des_archives/La%20Tunisie%20Medicale-1954#page/627/mode/2up,
Before_1956,1954,,,637,64,https://search.archives.nat.tn/fr/ANTthekira/Lecteur_des_archives/La%20Tunisie%20Medicale-1954#page/637/mode/2up,
Before_1956,1954,,,643,65,https://search.archives.nat.tn/fr/ANTthekira/Lecteur_des_archives/La%20Tunisie%20Medicale-1954#page/643/mode/2up,
Before_1956,1954,,,663,66,https://search.archives.nat.tn/fr/ANTthekira/Lecteur_des_archives/La%20Tunisie%20Medicale-1954#page/663/mode/2up,
Before_1956,1954,,,665,67,https://search.archives.nat.tn/fr/ANTthekira/Lecteur_des_archives/La%20Tunisie%20Medicale-1954#page/665/mode/2up,
Before_1956,1954,,,671,68,https://search.archives.nat.tn/fr/ANTthekira/Lecteur_des_archives/La%20Tunisie%20Medicale-1954#page/671/mode/2up,
Before_1956,1954,,,679,69,https://search.archives.nat.tn/fr/ANTthekira/Lecteur_des_archives/La%20Tunisie%20Medicale-1954#page/679/mode/2up,
Before_1956,1954,,,685,70,https://search.archives.nat.tn/fr/ANTthekira/Lecteur_des_archives/La%20Tunisie%20Medicale-1954#page/685/mode/2up,
Before_1956,1954,,,693,71,https://search.archives.nat.tn/fr/ANTthekira/Lecteur_des_archives/La%20Tunisie%20Medicale-1954#page/693/mode/2up,
Before_1956,1954,,,695,72,https://search.archives.nat.tn/fr/ANTthekira/Lecteur_des_archives/La%20Tunisie%20Medicale-1954#page/695/mode/2up,
Before_1956,1954,,,699,73,https://search.archives.nat.tn/fr/ANTthekira/Lecteur_des_archives/La%20Tunisie%20Medicale-1954#page/699/mode/2up,
Before_1956,1954,,,703,74,https://search.archives.nat.tn/fr/ANTthekira/Lecteur_des_archives/La%20Tunisie%20Medicale-1954#page/703/mode/2up,
Before_1956,1954,,,713,75,https://search.archives.nat.tn/fr/ANTthekira/Lecteur_des_archives/La%20Tunisie%20Medicale-1954#page/713/mode/2up,
Before_1956,1954,,,719,76,https://search.archives.nat.tn/fr/ANTthekira/Lecteur_des_archives/La%20Tunisie%20Medicale-1954#page/719/mode/2up,
Before_1956,1954,,,731,77,https://search.archives.nat.tn/fr/ANTthekira/Lecteur_des_archives/La%20Tunisie%20Medicale-1954#page/731/mode/2up,
Before_1956,1954,,,759,78,https://search.archives.nat.tn/fr/ANTthekira/Lecteur_des_archives/La%20Tunisie%20Medicale-1954#page/759/mode/2up,
Before_1956,1954,,,765,79,https://search.archives.nat.tn/fr/ANTthekira/Lecteur_des_archives/La%20Tunisie%20Medicale-1954#page/765/mode/2up,
Before_1956,1954,,,771,80,https://search.archives.nat.tn/fr/ANTthekira/Lecteur_des_archives/La%20Tunisie%20Medicale-1954#page/771/mode/2up,
Before_1956,1954,,,777,81,https://search.archives.nat.tn/fr/ANTthekira/Lecteur_des_archives/La%20Tunisie%20Medicale-1954#page/777/mode/2up,
Before_1956,1954,,,797,82,https://search.archives.nat.tn/fr/ANTthekira/Lecteur_des_archives/La%20Tunisie%20Medicale-1954#page/797/mode/2up,
Before_1956,1954,,,799,83,https://search.archives.nat.tn/fr/ANTthekira/Lecteur_des_archives/La%20Tunisie%20Medicale-1954#page/799/mode/2up,
Before_1956,1954,,,809,84,https://search.archives.nat.tn/fr/ANTthekira/Lecteur_des_archives/La%20Tunisie%20Medicale-1954#page/809/mode/2up,
Before_1956,1954,,,817,85,https://search.archives.nat.tn/fr/ANTthekira/Lecteur_des_archives/La%20Tunisie%20Medicale-1954#page/817/mode/2up,
Before_1956,1954,,,821,86,https://search.archives.nat.tn/fr/ANTthekira/Lecteur_des_archives/La%20Tunisie%20Medicale-1954#page/821/mode/2up,
Before_1956,1954,,,829,87,https://search.archives.nat.tn/fr/ANTthekira/Lecteur_des_archives/La%20Tunisie%20Medicale-1954#page/829/mode/2up,
Before_1956,1954,,,835,88,https://search.archives.nat.tn/fr/ANTthekira/Lecteur_des_archives/La%20Tunisie%20Medicale-1954#page/835/mode/2up,
Before_1956,1954,,,839,89,https://search.archives.nat.tn/fr/ANTthekira/Lecteur_des_archives/La%20Tunisie%20Medicale-1954#page/839/mode/2up,
Before_1956,1954,,,845,90,https://search.archives.nat.tn/fr/ANTthekira/Lecteur_des_archives/La%20Tunisie%20Medicale-1954#page/845/mode/2up,
Before_1956,1954,,,847,91,https://search.archives.nat.tn/fr/ANTthekira/Lecteur_des_archives/La%20Tunisie%20Medicale-1954#page/847/mode/2up,
Before_1956,1954,,,856,92,https://search.archives.nat.tn/fr/ANTthekira/Lecteur_des_archives/La%20Tunisie%20Medicale-1954#page/856/mode/2up,
Before_1956,1954,,,861,93,https://search.archives.nat.tn/fr/ANTthekira/Lecteur_des_archives/La%20Tunisie%20Medicale-1954#page/861/mode/2up,
Before_1956,1954,,,865,94,https://search.archives.nat.tn/fr/ANTthekira/Lecteur_des_archives/La%20Tunisie%20Medicale-1954#page/865/mode/2up,
Before_1956,1954,,,879,95,https://search.archives.nat.tn/fr/ANTthekira/Lecteur_des_archives/La%20Tunisie%20Medicale-1954#page/879/mode/2up,
Before_1956,1954,,,885,96,https://search.archives.nat.tn/fr/ANTthekira/Lecteur_des_archives/La%20Tunisie%20Medicale-1954#page/885/mode/2up,
Before_1956,1954,,,1107,97,https://search.archives.nat.tn/fr/ANTthekira/Lecteur_des_archives/La%20Tunisie%20Medicale-1954#page/1107/mode/2up,
Before_1956,1954,,,1140,98,https://search.archives.nat.tn/fr/ANTthekira/Lecteur_des_archives/La%20Tunisie%20Medicale-1954#page/1140/mode/2up,
Before_1956,1954,,,1165,99,https://search.archives.nat.tn/fr/ANTthekira/Lecteur_des_archives/La%20Tunisie%20Medicale-1954#page/1165/mode/2up,
Before_1956,1953,31,2,8,1,https://search.archives.nat.tn/fr/ANTthekira/Lecteur_des_archives/La%20Tunisie%20Medicale-1953#page/8/mode/2up,
Before_1956,1953,31,3,11,2,https://search.archives.nat.tn/fr/ANTthekira/Lecteur_des_archives/La%20Tunisie%20Medicale-1953#page/11/mode/2up,
Before_1956,1953,31,4,33,3,https://search.archives.nat.tn/fr/ANTthekira/Lecteur_des_archives/La%20Tunisie%20Medicale-1953#page/33/mode/2up,
Before_1956,1953,31,5,37,4,https://search.archives.nat.tn/fr/ANTthekira/Lecteur_des_archives/La%20Tunisie%20Medicale-1953#page/37/mode/2up,
Before_1956,1953,31,6,40,5,https://search.archives.nat.tn/fr/ANTthekira/Lecteur_des_archives/La%20Tunisie%20Medicale-1953#page/40/mode/2up,
Before_1956,1953,31,1,51,6,https://search.archives.nat.tn/fr/ANTthekira/Lecteur_des_archives/La%20Tunisie%20Medicale-1953#page/51/mode/2up,
Before_1956,1953,31,2,55,7,https://search.archives.nat.tn/fr/ANTthekira/Lecteur_des_archives/La%20Tunisie%20Medicale-1953#page/55/mode/2up,
Before_1956,1953,31,3,61,8,https://search.archives.nat.tn/fr/ANTthekira/Lecteur_des_archives/La%20Tunisie%20Medicale-1953#page/61/mode/2up,
Before_1956,1953,31,4,83,9,https://search.archives.nat.tn/fr/ANTthekira/Lecteur_des_archives/La%20Tunisie%20Medicale-1953#page/83/mode/2up,
Before_1956,1953,31,5,89,10,https://search.archives.nat.tn/fr/ANTthekira/Lecteur_des_archives/La%20Tunisie%20Medicale-1953#page/89/mode/2up,
Before_1956,1953,31,6,145,11,https://search.archives.nat.tn/fr/ANTthekira/Lecteur_des_archives/La%20Tunisie%20Medicale-1953#page/145/mode/2up,
Before_1956,1953,31,1,153,12,https://search.archives.nat.tn/fr/ANTthekira/Lecteur_des_archives/La%20Tunisie%20Medicale-1953#page/153/mode/2up,
Before_1956,1953,,,157,13,https://search.archives.nat.tn/fr/ANTthekira/Lecteur_des_archives/La%20Tunisie%20Medicale-1953#page/157/mode/2up,
Before_1956,1953,,,169,14,https://search.archives.nat.tn/fr/ANTthekira/Lecteur_des_archives/La%20Tunisie%20Medicale-1953#page/169/mode/2up,
Before_1956,1953,,,179,15,https://search.archives.nat.tn/fr/ANTthekira/Lecteur_des_archives/La%20Tunisie%20Medicale-1953#page/179/mode/2up,
Before_1956,1953,,,211,16,https://search.archives.nat.tn/fr/ANTthekira/Lecteur_des_archives/La%20Tunisie%20Medicale-1953#page/211/mode/2up,
Before_1956,1953,,,241,17,https://search.archives.nat.tn/fr/ANTthekira/Lecteur_des_archives/La%20Tunisie%20Medicale-1953#page/241/mode/2up,
Before_1956,1953,,,245,18,https://search.archives.nat.tn/fr/ANTthekira/Lecteur_des_archives/La%20Tunisie%20Medicale-1953#page/245/mode/2up,
Before_1956,1953,,,253,19,https://search.archives.nat.tn/fr/ANTthekira/Lecteur_des_archives/La%20Tunisie%20Medicale-1953#page/253/mode/2up,
Before_1956,1953,,,260,20,https://search.archives.nat.tn/fr/ANTthekira/Lecteur_des_archives/La%20Tunisie%20Medicale-1953#page/260/mode/2up,
Before_1956,1953,,,261,21,https://search.archives.nat.tn/fr/ANTthekira/Lecteur_des_archives/La%20Tunisie%20Medicale-1953#page/261/mode/2up,
Before_1956,1953,,,291,22,https://search.archives.nat.tn/fr/ANTthekira/Lecteur_des_archives/La%20Tunisie%20Medicale-1953#page/291/mode/2up,
Before_1956,1953,,,315,23,https://search.archives.nat.tn/fr/ANTthekira/Lecteur_des_archives/La%20Tunisie%20Medicale-1953#page/315/mode/2up,
Before_1956,1953,,,320,24,https://search.archives.nat.tn/fr/ANTthekira/Lecteur_des_archives/La%20Tunisie%20Medicale-1953#page/320/mode/2up,
Before_1956,1953,,,349,25,https://search.archives.nat.tn/fr/ANTthekira/Lecteur_des_archives/La%20Tunisie%20Medicale-1953#page/349/mode/2up,
Before_1956,1953,,,393,26,https://search.archives.nat.tn/fr/ANTthekira/Lecteur_des_archives/La%20Tunisie%20Medicale-1953#page/393/mode/2up,
Before_1956,1953,,,419,27,https://search.archives.nat.tn/fr/ANTthekira/Lecteur_des_archives/La%20Tunisie%20Medicale-1953#page/419/mode/2up,
Before_1956,1953,,,423,28,https://search.archives.nat.tn/fr/ANTthekira/Lecteur_des_archives/La%20Tunisie%20Medicale-1953#page/423/mode/2up,
Before_1956,1953,,,429,29,https://search.archives.nat.tn/fr/ANTthekira/Lecteur_des_archives/La%20Tunisie%20Medicale-1953#page/429/mode/2up,
Before_1956,1953,,,435,30,https://search.archives.nat.tn/fr/ANTthekira/Lecteur_des_archives/La%20Tunisie%20Medicale-1953#page/435/mode/2up,
Before_1956,1953,,,447,31,https://search.archives.nat.tn/fr/ANTthekira/Lecteur_des_archives/La%20Tunisie%20Medicale-1953#page/447/mode/2up,
Before_1956,1953,,,451,32,https://search.archives.nat.tn/fr/ANTthekira/Lecteur_des_archives/La%20Tunisie%20Medicale-1953#page/451/mode/2up,
Before_1956,1953,,,459,33,https://search.archives.nat.tn/fr/ANTthekira/Lecteur_des_archives/La%20Tunisie%20Medicale-1953#page/459/mode/2up,
Before_1956,1952,30,2,11,1,https://search.archives.nat.tn/fr/ANTthekira/Lecteur_des_archives/La%20Tunisie%20Medicale-1952#page/11/mode/2up,
Before_1956,1952,30,3,31,2,https://search.archives.nat.tn/fr/ANTthekira/Lecteur_des_archives/La%20Tunisie%20Medicale-1952#page/31/mode/2up,
Before_1956,1952,30,4,37,3,https://search.archives.nat.tn/fr/ANTthekira/Lecteur_des_archives/La%20Tunisie%20Medicale-1952#page/37/mode/2up,
Before_1956,1952,30,5,39,4,https://search.archives.nat.tn/fr/ANTthekira/Lecteur_des_archives/La%20Tunisie%20Medicale-1952#page/39/mode/2up,
Before_1956,1952,30,6,47,5,https://search.archives.nat.tn/fr/ANTthekira/Lecteur_des_archives/La%20Tunisie%20Medicale-1952#page/47/mode/2up,
Before_1956,1952,30,1,51,6,https://search.archives.nat.tn/fr/ANTthekira/Lecteur_des_archives/La%20Tunisie%20Medicale-1952#page/51/mode/2up,
Before_1956,1952,30,2,59,7,https://search.archives.nat.tn/fr/ANTthekira/Lecteur_des_archives/La%20Tunisie%20Medicale-1952#page/59/mode/2up,
Before_1956,1952,30,3,74,8,https://search.archives.nat.tn/fr/ANTthekira/Lecteur_des_archives/La%20Tunisie%20Medicale-1952#page/74/mode/2up,
Before_1956,1952,30,4,81,9,https://search.archives.nat.tn/fr/ANTthekira/Lecteur_des_archives/La%20Tunisie%20Medicale-1952#page/81/mode/2up,
Before_1956,1952,30,5,119,10,https://search.archives.nat.tn/fr/ANTthekira/Lecteur_des_archives/La%20Tunisie%20Medicale-1952#page/119/mode/2up,
Before_1956,1952,30,6,125,11,https://search.archives.nat.tn/fr/ANTthekira/Lecteur_des_archives/La%20Tunisie%20Medicale-1952#page/125/mode/2up,
Before_1956,1952,30,1,131,12,https://search.archives.nat.tn/fr/ANTthekira/Lecteur_des_archives/La%20Tunisie%20Medicale-1952#page/131/mode/2up,
Before_1956,1952,,,136,13,https://search.archives.nat.tn/fr/ANTthekira/Lecteur_des_archives/La%20Tunisie%20Medicale-1952#page/136/mode/2up,
Before_1956,1952,,,143,14,https://search.archives.nat.tn/fr/ANTthekira/Lecteur_des_archives/La%20Tunisie%20Medicale-1952#page/143/mode/2up,
Before_1956,1952,,,171,15,https://search.archives.nat.tn/fr/ANTthekira/Lecteur_des_archives/La%20Tunisie%20Medicale-1952#page/171/mode/2up,
Before_1956,1952,,,191,16,https://search.archives.nat.tn/fr/ANTthekira/Lecteur_des_archives/La%20Tunisie%20Medicale-1952#page/191/mode/2up,
Before_1956,1952,,,241,17,https://search.archives.nat.tn/fr/ANTthekira/Lecteur_des_archives/La%20Tunisie%20Medicale-1952#page/241/mode/2up,
Before_1956,1952,,,249,18,https://search.archives.nat.tn/fr/ANTthekira/Lecteur_des_archives/La%20Tunisie%20Medicale-1952#page/249/mode/2up,
Before_1956,1952,,,251,19,https://search.archives.nat.tn/fr/ANTthekira/Lecteur_des_archives/La%20Tunisie%20Medicale-1952#page/251/mode/2up,
Before_1956,1952,,,257,20,https://search.archives.nat.tn/fr/ANTthekira/Lecteur_des_archives/La%20Tunisie%20Medicale-1952#page/257/mode/2up,
Before_1956,1952,,,263,21,https://search.archives.nat.tn/fr/ANTthekira/Lecteur_des_archives/La%20Tunisie%20Medicale-1952#page/263/mode/2up,
Before_1956,1952,,,266,22,https://search.archives.nat.tn/fr/ANTthekira/Lecteur_des_archives/La%20Tunisie%20Medicale-1952#page/266/mode/2up,
Before_1956,1952,,,273,23,https://search.archives.nat.tn/fr/ANTthekira/Lecteur_des_archives/La%20Tunisie%20Medicale-1952#page/273/mode/2up,
Before_1956,1952,,,278,24,https://search.archives.nat.tn/fr/ANTthekira/Lecteur_des_archives/La%20Tunisie%20Medicale-1952#page/278/mode/2up,
Before_1956,1952,,,284,25,https://search.archives.nat.tn/fr/ANTthekira/Lecteur_des_archives/La%20Tunisie%20Medicale-1952#page/284/mode/2up,
Before_1956,1952,,,290,26,https://search.archives.nat.tn/fr/ANTthekira/Lecteur_des_archives/La%20Tunisie%20Medicale-1952#page/290/mode/2up,
Before_1956,1952,,,301,27,https://search.archives.nat.tn/fr/ANTthekira/Lecteur_des_archives/La%20Tunisie%20Medicale-1952#page/301/mode/2up,
Before_1956,1952,,,305,28,https://search.archives.nat.tn/fr/ANTthekira/Lecteur_des_archives/La%20Tunisie%20Medicale-1952#page/305/mode/2up,
Before_1956,1952,,,308,29,https://search.archives.nat.tn/fr/ANTthekira/Lecteur_des_archives/La%20Tunisie%20Medicale-1952#page/308/mode/2up,
Before_1956,1952,,,322,30,https://search.archives.nat.tn/fr/ANTthekira/Lecteur_des_archives/La%20Tunisie%20Medicale-1952#page/322/mode/2up,
Before_1956,1952,,,326,31,https://search.archives.nat.tn/fr/ANTthekira/Lecteur_des_archives/La%20Tunisie%20Medicale-1952#page/326/mode/2up,
Before_1956,1952,,,335,32,https://search.archives.nat.tn/fr/ANTthekira/Lecteur_des_archives/La%20Tunisie%20Medicale-1952#page/335/mode/2up,
Before_1956,1952,,,339,33,https://search.archives.nat.tn/fr/ANTthekira/Lecteur_des_archives/La%20Tunisie%20Medicale-1952#page/339/mode/2up,
Before_1956,1952,,,389,34,https://search.archives.nat.tn/fr/ANTthekira/Lecteur_des_archives/La%20Tunisie%20Medicale-1952#page/389/mode/2up,
Before_1956,1952,,,396,35,https://search.archives.nat.tn/fr/ANTthekira/Lecteur_des_archives/La%20Tunisie%20Medicale-1952#page/396/mode/2up,
Before_1956,1952,,,399,36,https://search.archives.nat.tn/fr/ANTthekira/Lecteur_des_archives/La%20Tunisie%20Medicale-1952#page/399/mode/2up,
Before_1956,1952,,,405,37,https://search.archives.nat.tn/fr/ANTthekira/Lecteur_des_archives/La%20Tunisie%20Medicale-1952#page/405/mode/2up,
Before_1956,1952,,,407,38,https://search.archives.nat.tn/fr/ANTthekira/Lecteur_des_archives/La%20Tunisie%20Medicale-1952#page/407/mode/2up,
Before_1956,1952,,,413,39,https://search.archives.nat.tn/fr/ANTthekira/Lecteur_des_archives/La%20Tunisie%20Medicale-1952#page/413/mode/2up,
Before_1956,1952,,,421,40,https://search.archives.nat.tn/fr/ANTthekira/Lecteur_des_archives/La%20Tunisie%20Medicale-1952#page/421/mode/2up,
Before_1956,1952,,,425,41,https://search.archives.nat.tn/fr/ANTthekira/Lecteur_des_archives/La%20Tunisie%20Medicale-1952#page/425/mode/2up,
Before_1956,1952,,,439,42,https://search.archives.nat.tn/fr/ANTthekira/Lecteur_des_archives/La%20Tunisie%20Medicale-1952#page/439/mode/2up,
Before_1956,1952,,,465,43,https://search.archives.nat.tn/fr/ANTthekira/Lecteur_des_archives/La%20Tunisie%20Medicale-1952#page/465/mode/2up,
Before_1956,1952,,,490,44,https://search.archives.nat.tn/fr/ANTthekira/Lecteur_des_archives/La%20Tunisie%20Medicale-1952#page/490/mode/2up,
Before_1956,1952,,,508,45,https://search.archives.nat.tn/fr/ANTthekira/Lecteur_des_archives/La%20Tunisie%20Medicale-1952#page/508/mode/2up,
Before_1956,1952,,,515,46,https://search.archives.nat.tn/fr/ANTthekira/Lecteur_des_archives/La%20Tunisie%20Medicale-1952#page/515/mode/2up,
Before_1956,1952,,,524,47,https://search.archives.nat.tn/fr/ANTthekira/Lecteur_des_archives/La%20Tunisie%20Medicale-1952#page/524/mode/2up,
Before_1956,1952,,,531,48,https://search.archives.nat.tn/fr/ANTthekira/Lecteur_des_archives/La%20Tunisie%20Medicale-1952#page/531/mode/2up,
Before_1956,1952,,,540,49,https://search.archives.nat.tn/fr/ANTthekira/Lecteur_des_archives/La%20Tunisie%20Medicale-1952#page/540/mode/2up,
Before_1956,1952,,,551,50,https://search.archives.nat.tn/fr/ANTthekira/Lecteur_des_archives/La%20Tunisie%20Medicale-1952#page/551/mode/2up,
Before_1956,1952,,,553,51,https://search.archives.nat.tn/fr/ANTthekira/Lecteur_des_archives/La%20Tunisie%20Medicale-1952#page/553/mode/2up,
Before_1956,1952,,,559,52,https://search.archives.nat.tn/fr/ANTthekira/Lecteur_des_archives/La%20Tunisie%20Medicale-1952#page/559/mode/2up,
Before_1956,1952,,,563,53,https://search.archives.nat.tn/fr/ANTthekira/Lecteur_des_archives/La%20Tunisie%20Medicale-1952#page/563/mode/2up,
Before_1956,1952,,,575,54,https://search.archives.nat.tn/fr/ANTthekira/Lecteur_des_archives/La%20Tunisie%20Medicale-1952#page/575/mode/2up,
Before_1956,1952,,,619,55,https://search.archives.nat.tn/fr/ANTthekira/Lecteur_des_archives/La%20Tunisie%20Medicale-1952#page/619/mode/2up,
Before_1956,1952,,,643,56,https://search.archives.nat.tn/fr/ANTthekira/Lecteur_des_archives/La%20Tunisie%20Medicale-1952#page/643/mode/2up,
Before_1956,1952,,,647,57,https://search.archives.nat.tn/fr/ANTthekira/Lecteur_des_archives/La%20Tunisie%20Medicale-1952#page/647/mode/2up,
Before_1956,1952,,,653,58,https://search.archives.nat.tn/fr/ANTthekira/Lecteur_des_archives/La%20Tunisie%20Medicale-1952#page/653/mode/2up,
Before_1956,1952,,,661,59,https://search.archives.nat.tn/fr/ANTthekira/Lecteur_des_archives/La%20Tunisie%20Medicale-1952#page/661/mode/2up,
Before_1956,1952,,,663,60,https://search.archives.nat.tn/fr/ANTthekira/Lecteur_des_archives/La%20Tunisie%20Medicale-1952#page/663/mode/2up,
Before_1956,1952,,,672,61,https://search.archives.nat.tn/fr/ANTthekira/Lecteur_des_archives/La%20Tunisie%20Medicale-1952#page/672/mode/2up,
Before_1956,1952,,,693,62,https://search.archives.nat.tn/fr/ANTthekira/Lecteur_des_archives/La%20Tunisie%20Medicale-1952#page/693/mode/2up,
Before_1956,1952,,,709,63,https://search.archives.nat.tn/fr/ANTthekira/Lecteur_des_archives/La%20Tunisie%20Medicale-1952#page/709/mode/2up,
Before_1956,1952,,,715,64,https://search.archives.nat.tn/fr/ANTthekira/Lecteur_des_archives/La%20Tunisie%20Medicale-1952#page/715/mode/2up,
Before_1956,1952,,,741,65,https://search.archives.nat.tn/fr/ANTthekira/Lecteur_des_archives/La%20Tunisie%20Medicale-1952#page/741/mode/2up,
Before_1956,1952,,,743,66,https://search.archives.nat.tn/fr/ANTthekira/Lecteur_des_archives/La%20Tunisie%20Medicale-1952#page/743/mode/2up,
Before_1956,1952,,,767,67,https://search.archives.nat.tn/fr/ANTthekira/Lecteur_des_archives/La%20Tunisie%20Medicale-1952#page/767/mode/2up,
Before_1956,1952,,,791,68,https://search.archives.nat.tn/fr/ANTthekira/Lecteur_des_archives/La%20Tunisie%20Medicale-1952#page/791/mode/2up,
Before_1956,1952,,,800,69,https://search.archives.nat.tn/fr/ANTthekira/Lecteur_des_archives/La%20Tunisie%20Medicale-1952#page/800/mode/2up,
Before_1956,1952,,,835,70,https://search.archives.nat.tn/fr/ANTthekira/Lecteur_des_archives/La%20Tunisie%20Medicale-1952#page/835/mode/2up,
Before_1956,1952,,,860,71,https://search.archives.nat.tn/fr/ANTthekira/Lecteur_des_archives/La%20Tunisie%20Medicale-1952#page/860/mode/2up,
Before_1956,1952,,,873,72,https://search.archives.nat.tn/fr/ANTthekira/Lecteur_des_archives/La%20Tunisie%20Medicale-1952#page/873/mode/2up,
Before_1956,1952,,,929,73,https://search.archives.nat.tn/fr/ANTthekira/Lecteur_des_archives/La%20Tunisie%20Medicale-1952#page/929/mode/2up,
Before_1956,1952,,,951,74,https://search.archives.nat.tn/fr/ANTthekira/Lecteur_des_archives/La%20Tunisie%20Medicale-1952#page/951/mode/2up,
Before_1956,1952,,,953,75,https://search.archives.nat.tn/fr/ANTthekira/Lecteur_des_archives/La%20Tunisie%20Medicale-1952#page/953/mode/2up,
Before_1956,1952,,,957,76,https://search.archives.nat.tn/fr/ANTthekira/Lecteur_des_archives/La%20Tunisie%20Medicale-1952#page/957/mode/2up,
Before_1956,1952,,,965,77,https://search.archives.nat.tn/fr/ANTthekira/Lecteur_des_archives/La%20Tunisie%20Medicale-1952#page/965/mode/2up,
Before_1956,1952,,,984,78,https://search.archives.nat.tn/fr/ANTthekira/Lecteur_des_archives/La%20Tunisie%20Medicale-1952#page/984/mode/2up,
Before_1956,1952,,,1033,79,https://search.archives.nat.tn/fr/ANTthekira/Lecteur_des_archives/La%20Tunisie%20Medicale-1952#page/1033/mode/2up,
Before_1956,1952,,,1035,80,https://search.archives.nat.tn/fr/ANTthekira/Lecteur_des_archives/La%20Tunisie%20Medicale-1952#page/1035/mode/2up,
Before_1956,1952,,,1055,81,https://search.archives.nat.tn/fr/ANTthekira/Lecteur_des_archives/La%20Tunisie%20Medicale-1952#page/1055/mode/2up,
Before_1956,1952,,,1057,82,https://search.archives.nat.tn/fr/ANTthekira/Lecteur_des_archives/La%20Tunisie%20Medicale-1952#page/1057/mode/2up,
Before_1956,1952,,,1061,83,https://search.archives.nat.tn/fr/ANTthekira/Lecteur_des_archives/La%20Tunisie%20Medicale-1952#page/1061/mode/2up,
Before_1956,1952,,,1079,84,https://search.archives.nat.tn/fr/ANTthekira/Lecteur_des_archives/La%20Tunisie%20Medicale-1952#page/1079/mode/2up,
Before_1956,1952,,,1087,85,https://search.archives.nat.tn/fr/ANTthekira/Lecteur_des_archives/La%20Tunisie%20Medicale-1952#page/1087/mode/2up,
Before_1956,1951,29,2,9,1,https://search.archives.nat.tn/fr/ANTthekira/Lecteur_des_archives/La%20Tunisie%20Medicale-1951#page/9/mode/2up,
Before_1956,1951,29,3,16,2,https://search.archives.nat.tn/fr/ANTthekira/Lecteur_des_archives/La%20Tunisie%20Medicale-1951#page/16/mode/2up,
Before_1956,1951,29,4,23,3,https://search.archives.nat.tn/fr/ANTthekira/Lecteur_des_archives/La%20Tunisie%20Medicale-1951#page/23/mode/2up,
Before_1956,1951,29,5,42,4,https://search.archives.nat.tn/fr/ANTthekira/Lecteur_des_archives/La%20Tunisie%20Medicale-1951#page/42/mode/2up,
Before_1956,1951,29,6,64,5,https://search.archives.nat.tn/fr/ANTthekira/Lecteur_des_archives/La%20Tunisie%20Medicale-1951#page/64/mode/2up,
Before_1956,1951,29,1,97,6,https://search.archives.nat.tn/fr/ANTthekira/Lecteur_des_archives/La%20Tunisie%20Medicale-1951#page/97/mode/2up,
Before_1956,1951,29,2,111,7,https://search.archives.nat.tn/fr/ANTthekira/Lecteur_des_archives/La%20Tunisie%20Medicale-1951#page/111/mode/2up,
Before_1956,1951,29,3,123,8,https://search.archives.nat.tn/fr/ANTthekira/Lecteur_des_archives/La%20Tunisie%20Medicale-1951#page/123/mode/2up,
Before_1956,1951,29,4,129,9,https://search.archives.nat.tn/fr/ANTthekira/Lecteur_des_archives/La%20Tunisie%20Medicale-1951#page/129/mode/2up,
Before_1956,1951,29,5,139,10,https://search.archives.nat.tn/fr/ANTthekira/Lecteur_des_archives/La%20Tunisie%20Medicale-1951#page/139/mode/2up,
Before_1956,1951,29,6,156,11,https://search.archives.nat.tn/fr/ANTthekira/Lecteur_des_archives/La%20Tunisie%20Medicale-1951#page/156/mode/2up,
Before_1956,1951,29,1,166,12,https://search.archives.nat.tn/fr/ANTthekira/Lecteur_des_archives/La%20Tunisie%20Medicale-1951#page/166/mode/2up,
Before_1956,1951,,,177,13,https://search.archives.nat.tn/fr/ANTthekira/Lecteur_des_archives/La%20Tunisie%20Medicale-1951#page/177/mode/2up,
Before_1956,1951,,,189,14,https://search.archives.nat.tn/fr/ANTthekira/Lecteur_des_archives/La%20Tunisie%20Medicale-1951#page/189/mode/2up,
Before_1956,1951,,,195,15,https://search.archives.nat.tn/fr/ANTthekira/Lecteur_des_archives/La%20Tunisie%20Medicale-1951#page/195/mode/2up,
Before_1956,1951,,,201,16,https://search.archives.nat.tn/fr/ANTthekira/Lecteur_des_archives/La%20Tunisie%20Medicale-1951#page/201/mode/2up,
Before_1956,1951,,,207,17,https://search.archives.nat.tn/fr/ANTthekira/Lecteur_des_archives/La%20Tunisie%20Medicale-1951#page/207/mode/2up,
Before_1956,1951,,,211,18,https://search.archives.nat.tn/fr/ANTthekira/Lecteur_des_archives/La%20Tunisie%20Medicale-1951#page/211/mode/2up,
Before_1956,1951,,,217,19,https://search.archives.nat.tn/fr/ANTthekira/Lecteur_des_archives/La%20Tunisie%20Medicale-1951#page/217/mode/2up,
Before_1956,1951,,,222,20,https://search.archives.nat.tn/fr/ANTthekira/Lecteur_des_archives/La%20Tunisie%20Medicale-1951#page/222/mode/2up,
Before_1956,1951,,,253,21,https://search.archives.nat.tn/fr/ANTthekira/Lecteur_des_archives/La%20Tunisie%20Medicale-1951#page/253/mode/2up,
Before_1956,1951,,,261,22,https://search.archives.nat.tn/fr/ANTthekira/Lecteur_des_archives/La%20Tunisie%20Medicale-1951#page/261/mode/2up,
Before_1956,1951,,,265,23,https://search.archives.nat.tn/fr/ANTthekira/Lecteur_des_archives/La%20Tunisie%20Medicale-1951#page/265/mode/2up,
Before_1956,1951,,,277,24,https://search.archives.nat.tn/fr/ANTthekira/Lecteur_des_archives/La%20Tunisie%20Medicale-1951#page/277/mode/2up,
Before_1956,1951,,,279,25,https://search.archives.nat.tn/fr/ANTthekira/Lecteur_des_archives/La%20Tunisie%20Medicale-1951#page/279/mode/2up,
Before_1956,1951,,,281,26,https://search.archives.nat.tn/fr/ANTthekira/Lecteur_des_archives/La%20Tunisie%20Medicale-1951#page/281/mode/2up,
Before_1956,1951,,,282,27,https://search.archives.nat.tn/fr/ANTthekira/Lecteur_des_archives/La%20Tunisie%20Medicale-1951#page/282/mode/2up,
Before_1956,1951,,,285,28,https://search.archives.nat.tn/fr/ANTthekira/Lecteur_des_archives/La%20Tunisie%20Medicale-1951#page/285/mode/2up,
Before_1956,1951,,,313,29,https://search.archives.nat.tn/fr/ANTthekira/Lecteur_des_archives/La%20Tunisie%20Medicale-1951#page/313/mode/2up,
Before_1956,1951,,,319,30,https://search.archives.nat.tn/fr/ANTthekira/Lecteur_des_archives/La%20Tunisie%20Medicale-1951#page/319/mode/2up,
Before_1956,1951,,,351,31,https://search.archives.nat.tn/fr/ANTthekira/Lecteur_des_archives/La%20Tunisie%20Medicale-1951#page/351/mode/2up,
Before_1956,1951,,,375,32,https://search.archives.nat.tn/fr/ANTthekira/Lecteur_des_archives/La%20Tunisie%20Medicale-1951#page/375/mode/2up,
Before_1956,1951,,,383,33,https://search.archives.nat.tn/fr/ANTthekira/Lecteur_des_archives/La%20Tunisie%20Medicale-1951#page/383/mode/2up,
Before_1956,1951,,,389,34,https://search.archives.nat.tn/fr/ANTthekira/Lecteur_des_archives/La%20Tunisie%20Medicale-1951#page/389/mode/2up,
Before_1956,1951,,,395,35,https://search.archives.nat.tn/fr/ANTthekira/Lecteur_des_archives/La%20Tunisie%20Medicale-1951#page/395/mode/2up,
Before_1956,1951,,,401,36,https://search.archives.nat.tn/fr/ANTthekira/Lecteur_des_archives/La%20Tunisie%20Medicale-1951#page/401/mode/2up,
Before_1956,1951,,,413,37,https://search.archives.nat.tn/fr/ANTthekira/Lecteur_des_archives/La%20Tunisie%20Medicale-1951#page/413/mode/2up,
Before_1956,1951,,,444,38,https://search.archives.nat.tn/fr/ANTthekira/Lecteur_des_archives/La%20Tunisie%20Medicale-1951#page/444/mode/2up,
Before_1956,1951,,,483,39,https://search.archives.nat.tn/fr/ANTthekira/Lecteur_des_archives/La%20Tunisie%20Medicale-1951#page/483/mode/2up,
Before_1956,1951,,,486,40,https://search.archives.nat.tn/fr/ANTthekira/Lecteur_des_archives/La%20Tunisie%20Medicale-1951#page/486/mode/2up,
Before_1956,1951,,,487,41,https://search.archives.nat.tn/fr/ANTthekira/Lecteur_des_archives/La%20Tunisie%20Medicale-1951#page/487/mode/2up,
Before_1956,1951,,,496,42,https://search.archives.nat.tn/fr/ANTthekira/Lecteur_des_archives/La%20Tunisie%20Medicale-1951#page/496/mode/2up,
Before_1956,1951,,,507,43,https://search.archives.nat.tn/fr/ANTthekira/Lecteur_des_archives/La%20Tunisie%20Medicale-1951#page/507/mode/2up,
Before_1956,1951,,,521,44,https://search.archives.nat.tn/fr/ANTthekira/Lecteur_des_archives/La%20Tunisie%20Medicale-1951#page/521/mode/2up,
Before_1956,1951,,,536,45,https://search.archives.nat.tn/fr/ANTthekira/Lecteur_des_archives/La%20Tunisie%20Medicale-1951#page/536/mode/2up,
Before_1956,1951,,,543,46,https://search.archives.nat.tn/fr/ANTthekira/Lecteur_des_archives/La%20Tunisie%20Medicale-1951#page/543/mode/2up,
Before_1956,1951,,,589,47,https://search.archives.nat.tn/fr/ANTthekira/Lecteur_des_archives/La%20Tunisie%20Medicale-1951#page/589/mode/2up,
Before_1956,1951,,,593,48,https://search.archives.nat.tn/fr/ANTthekira/Lecteur_des_archives/La%20Tunisie%20Medicale-1951#page/593/mode/2up,
Before_1956,1951,,,597,49,https://search.archives.nat.tn/fr/ANTthekira/Lecteur_des_archives/La%20Tunisie%20Medicale-1951#page/597/mode/2up,
Before_1956,1951,,,600,50,https://search.archives.nat.tn/fr/ANTthekira/Lecteur_des_archives/La%20Tunisie%20Medicale-1951#page/600/mode/2up,
Before_1956,1951,,,607,51,https://search.archives.nat.tn/fr/ANTthekira/Lecteur_des_archives/La%20Tunisie%20Medicale-1951#page/607/mode/2up,
Before_1956,1951,,,617,52,https://search.archives.nat.tn/fr/ANTthekira/Lecteur_des_archives/La%20Tunisie%20Medicale-1951#page/617/mode/2up,
Before_1956,1951,,,625,53,https://search.archives.nat.tn/fr/ANTthekira/Lecteur_des_archives/La%20Tunisie%20Medicale-1951#page/625/mode/2up,
Before_1956,1951,,,631,54,https://search.archives.nat.tn/fr/ANTthekira/Lecteur_des_archives/La%20Tunisie%20Medicale-1951#page/631/mode/2up,
Before_1956,1951,,,643,55,https://search.archives.nat.tn/fr/ANTthekira/Lecteur_des_archives/La%20Tunisie%20Medicale-1951#page/643/mode/2up,
Before_1956,1951,,,689,56,https://search.archives.nat.tn/fr/ANTthekira/Lecteur_des_archives/La%20Tunisie%20Medicale-1951#page/689/mode/2up,
Before_1956,1951,,,691,57,https://search.archives.nat.tn/fr/ANTthekira/Lecteur_des_archives/La%20Tunisie%20Medicale-1951#page/691/mode/2up,
Before_1956,1951,,,694,58,https://search.archives.nat.tn/fr/ANTthekira/Lecteur_des_archives/La%20Tunisie%20Medicale-1951#page/694/mode/2up,
Before_1956,1951,,,705,59,https://search.archives.nat.tn/fr/ANTthekira/Lecteur_des_archives/La%20Tunisie%20Medicale-1951#page/705/mode/2up,
Before_1956,1951,,,706,60,https://search.archives.nat.tn/fr/ANTthekira/Lecteur_des_archives/La%20Tunisie%20Medicale-1951#page/706/mode/2up,
Before_1956,1951,,,710,61,https://search.archives.nat.tn/fr/ANTthekira/Lecteur_des_archives/La%20Tunisie%20Medicale-1951#page/710/mode/2up,
Before_1956,1951,,,714,62,https://search.archives.nat.tn/fr/ANTthekira/Lecteur_des_archives/La%20Tunisie%20Medicale-1951#page/714/mode/2up,
Before_1956,1951,,,717,63,https://search.archives.nat.tn/fr/ANTthekira/Lecteur_des_archives/La%20Tunisie%20Medicale-1951#page/717/mode/2up,
Before_1956,1951,,,725,64,https://search.archives.nat.tn/fr/ANTthekira/Lecteur_des_archives/La%20Tunisie%20Medicale-1951#page/725/mode/2up,
Before_1956,1951,,,729,65,https://search.archives.nat.tn/fr/ANTthekira/Lecteur_des_archives/La%20Tunisie%20Medicale-1951#page/729/mode/2up,
Before_1956,1951,,,737,66,https://search.archives.nat.tn/fr/ANTthekira/Lecteur_des_archives/La%20Tunisie%20Medicale-1951#page/737/mode/2up,
Before_1956,1951,,,744,67,https://search.archives.nat.tn/fr/ANTthekira/Lecteur_des_archives/La%20Tunisie%20Medicale-1951#page/744/mode/2up,
Before_1956,1951,,,745,68,https://search.archives.nat.tn/fr/ANTthekira/Lecteur_des_archives/La%20Tunisie%20Medicale-1951#page/745/mode/2up,
Before_1956,1951,,,753,69,https://search.archives.nat.tn/fr/ANTthekira/Lecteur_des_archives/La%20Tunisie%20Medicale-1951#page/753/mode/2up,
Before_1956,1951,,,754,70,https://search.archives.nat.tn/fr/ANTthekira/Lecteur_des_archives/La%20Tunisie%20Medicale-1951#page/754/mode/2up,
Before_1956,1951,,,758,71,https://search.archives.nat.tn/fr/ANTthekira/Lecteur_des_archives/La%20Tunisie%20Medicale-1951#page/758/mode/2up,
Before_1956,1951,,,768,72,https://search.archives.nat.tn/fr/ANTthekira/Lecteur_des_archives/La%20Tunisie%20Medicale-1951#page/768/mode/2up,
Before_1956,1951,,,777,73,https://search.archives.nat.tn/fr/ANTthekira/Lecteur_des_archives/La%20Tunisie%20Medicale-1951#page/777/mode/2up,
Before_1956,1951,,,778,74,https://search.archives.nat.tn/fr/ANTthekira/Lecteur_des_archives/La%20Tunisie%20Medicale-1951#page/778/mode/2up,
Before_1956,1951,,,784,75,https://search.archives.nat.tn/fr/ANTthekira/Lecteur_des_archives/La%20Tunisie%20Medicale-1951#page/784/mode/2up,
Before_1956,1951,,,786,76,https://search.archives.nat.tn/fr/ANTthekira/Lecteur_des_archives/La%20Tunisie%20Medicale-1951#page/786/mode/2up,
Before_1956,1951,,,794,77,https://search.archives.nat.tn/fr/ANTthekira/Lecteur_des_archives/La%20Tunisie%20Medicale-1951#page/794/mode/2up,
Before_1956,1951,,,800,78,https://search.archives.nat.tn/fr/ANTthekira/Lecteur_des_archives/La%20Tunisie%20Medicale-1951#page/800/mode/2up,
Before_1956,1951,,,801,79,https://search.archives.nat.tn/fr/ANTthekira/Lecteur_des_archives/La%20Tunisie%20Medicale-1951#page/801/mode/2up,
Before_1956,1951,,,817,80,https://search.archives.nat.tn/fr/ANTthekira/Lecteur_des_archives/La%20Tunisie%20Medicale-1951#page/817/mode/2up,
Before_1956,1951,,,822,81,https://search.archives.nat.tn/fr/ANTthekira/Lecteur_des_archives/La%20Tunisie%20Medicale-1951#page/822/mode/2up,
Before_1956,1951,,,837,82,https://search.archives.nat.tn/fr/ANTthekira/Lecteur_des_archives/La%20Tunisie%20Medicale-1951#page/837/mode/2up,
Before_1956,1951,,,838,83,https://search.archives.nat.tn/fr/ANTthekira/Lecteur_des_archives/La%20Tunisie%20Medicale-1951#page/838/mode/2up,
Before_1956,1951,,,839,84,https://search.archives.nat.tn/fr/ANTthekira/Lecteur_des_archives/La%20Tunisie%20Medicale-1951#page/839/mode/2up,
Before_1956,1951,,,841,85,https://search.archives.nat.tn/fr/ANTthekira/Lecteur_des_archives/La%20Tunisie%20Medicale-1951#page/841/mode/2up,
Before_1956,1951,,,842,86,https://search.archives.nat.tn/fr/ANTthekira/Lecteur_des_archives/La%20Tunisie%20Medicale-1951#page/842/mode/2up,
Before_1956,1951,,,843,87,https://search.archives.nat.tn/fr/ANTthekira/Lecteur_des_archives/La%20Tunisie%20Medicale-1951#page/843/mode/2up,
Before_1956,1951,,,854,88,https://search.archives.nat.tn/fr/ANTthekira/Lecteur_des_archives/La%20Tunisie%20Medicale-1951#page/854/mode/2up,
Before_1956,1951,,,860,89,https://search.archives.nat.tn/fr/ANTthekira/Lecteur_des_archives/La%20Tunisie%20Medicale-1951#page/860/mode/2up,
Before_1956,1951,,,864,90,https://search.archives.nat.tn/fr/ANTthekira/Lecteur_des_archives/La%20Tunisie%20Medicale-1951#page/864/mode/2up,
Before_1956,1951,,,868,91,https://search.archives.nat.tn/fr/ANTthekira/Lecteur_des_archives/La%20Tunisie%20Medicale-1951#page/868/mode/2up,
Before_1956,1951,,,882,92,https://search.archives.nat.tn/fr/ANTthekira/Lecteur_des_archives/La%20Tunisie%20Medicale-1951#page/882/mode/2up,
Before_1956,1951,,,889,93,https://search.archives.nat.tn/fr/ANTthekira/Lecteur_des_archives/La%20Tunisie%20Medicale-1951#page/889/mode/2up,
Before_1956,1951,,,907,94,https://search.archives.nat.tn/fr/ANTthekira/Lecteur_des_archives/La%20Tunisie%20Medicale-1951#page/907/mode/2up,
Before_1956,1951,,,916,95,https://search.archives.nat.tn/fr/ANTthekira/Lecteur_des_archives/La%20Tunisie%20Medicale-1951#page/916/mode/2up,
Before_1956,1951,,,922,96,https://search.archives.nat.tn/fr/ANTthekira/Lecteur_des_archives/La%20Tunisie%20Medicale-1951#page/922/mode/2up,
Before_1956,1951,,,932,97,https://search.archives.nat.tn/fr/ANTthekira/Lecteur_des_archives/La%20Tunisie%20Medicale-1951#page/932/mode/2up,
Before_1956,1951,,,936,98,https://search.archives.nat.tn/fr/ANTthekira/Lecteur_des_archives/La%20Tunisie%20Medicale-1951#page/936/mode/2up,
Before_1956,1951,,,941,99,https://search.archives.nat.tn/fr/ANTthekira/Lecteur_des_archives/La%20Tunisie%20Medicale-1951#page/941/mode/2up,
Before_1956,1951,,,950,100,https://search.archives.nat.tn/fr/ANTthekira/Lecteur_des_archives/La%20Tunisie%20Medicale-1951#page/950/mode/2up,
Before_1956,1951,,,960,101,https://search.archives.nat.tn/fr/ANTthekira/Lecteur_des_archives/La%20Tunisie%20Medicale-1951#page/960/mode/2up,
Before_1956,1951,,,969,102,https://search.archives.nat.tn/fr/ANTthekira/Lecteur_des_archives/La%20Tunisie%20Medicale-1951#page/969/mode/2up,
Before_1956,1951,,,979,103,https://search.archives.nat.tn/fr/ANTthekira/Lecteur_des_archives/La%20Tunisie%20Medicale-1951#page/979/mode/2up,
Before_1956,1951,,,981,104,https://search.archives.nat.tn/fr/ANTthekira/Lecteur_des_archives/La%20Tunisie%20Medicale-1951#page/981/mode/2up,
Before_1956,1951,,,997,105,https://search.archives.nat.tn/fr/ANTthekira/Lecteur_des_archives/La%20Tunisie%20Medicale-1951#page/997/mode/2up,
Before_1956,1951,,,1003,106,https://search.archives.nat.tn/fr/ANTthekira/Lecteur_des_archives/La%20Tunisie%20Medicale-1951#page/1003/mode/2up,
Before_1956,1951,,,1006,107,https://search.archives.nat.tn/fr/ANTthekira/Lecteur_des_archives/La%20Tunisie%20Medicale-1951#page/1006/mode/2up,
Before_1956,1951,,,1013,108,https://search.archives.nat.tn/fr/ANTthekira/Lecteur_des_archives/La%20Tunisie%20Medicale-1951#page/1013/mode/2up,
Before_1956,1951,,,1016,109,https://search.archives.nat.tn/fr/ANTthekira/Lecteur_des_archives/La%20Tunisie%20Medicale-1951#page/1016/mode/2up,
Before_1956,1951,,,1023,110,https://search.archives.nat.tn/fr/ANTthekira/Lecteur_des_archives/La%20Tunisie%20Medicale-1951#page/1023/mode/2up,
Before_1956,1951,,,1033,111,https://search.archives.nat.tn/fr/ANTthekira/Lecteur_des_archives/La%20Tunisie%20Medicale-1951#page/1033/mode/2up,
Before_1956,1951,,,1049,112,https://search.archives.nat.tn/fr/ANTthekira/Lecteur_des_archives/La%20Tunisie%20Medicale-1951#page/1049/mode/2up,
Before_1956,1951,,,1093,113,https://search.archives.nat.tn/fr/ANTthekira/Lecteur_des_archives/La%20Tunisie%20Medicale-1951#page/1093/mode/2up,
Before_1956,1951,,,1101,114,https://search.archives.nat.tn/fr/ANTthekira/Lecteur_des_archives/La%20Tunisie%20Medicale-1951#page/1101/mode/2up,
Before_1956,1951,,,1110,115,https://search.archives.nat.tn/fr/ANTthekira/Lecteur_des_archives/La%20Tunisie%20Medicale-1951#page/1110/mode/2up,
Before_1956,1951,,,1113,116,https://search.archives.nat.tn/fr/ANTthekira/Lecteur_des_archives/La%20Tunisie%20Medicale-1951#page/1113/mode/2up,
Before_1956,1951,,,1119,117,https://search.archives.nat.tn/fr/ANTthekira/Lecteur_des_archives/La%20Tunisie%20Medicale-1951#page/1119/mode/2up,
Before_1956,1951,,,1125,118,https://search.archives.nat.tn/fr/ANTthekira/Lecteur_des_archives/La%20Tunisie%20Medicale-1951#page/1125/mode/2up,
Before_1956,1951,,,1135,119,https://search.archives.nat.tn/fr/ANTthekira/Lecteur_des_archives/La%20Tunisie%20Medicale-1951#page/1135/mode/2up,
Before_1956,1951,,,1144,120,https://search.archives.nat.tn/fr/ANTthekira/Lecteur_des_archives/La%20Tunisie%20Medicale-1951#page/1144/mode/2up,
Before_1956,1951,,,1153,121,https://search.archives.nat.tn/fr/ANTthekira/Lecteur_des_archives/La%20Tunisie%20Medicale-1951#page/1153/mode/2up,
Before_1956,1951,,,1169,122,https://search.archives.nat.tn/fr/ANTthekira/Lecteur_des_archives/La%20Tunisie%20Medicale-1951#page/1169/mode/2up,
Before_1956,1951,,,1175,123,https://search.archives.nat.tn/fr/ANTthekira/Lecteur_des_archives/La%20Tunisie%20Medicale-1951#page/1175/mode/2up,
Before_1956,1951,,,1201,124,https://search.archives.nat.tn/fr/ANTthekira/Lecteur_des_archives/La%20Tunisie%20Medicale-1951#page/1201/mode/2up,
Before_1956,1951,,,1221,125,https://search.archives.nat.tn/fr/ANTthekira/Lecteur_des_archives/La%20Tunisie%20Medicale-1951#page/1221/mode/2up,
Before_1956,1951,,,1224,126,https://search.archives.nat.tn/fr/ANTthekira/Lecteur_des_archives/La%20Tunisie%20Medicale-1951#page/1224/mode/2up,
Before_1956,1951,,,1230,127,https://search.archives.nat.tn/fr/ANTthekira/Lecteur_des_archives/La%20Tunisie%20Medicale-1951#page/1230/mode/2up,
Before_1956,1951,,,1237,128,https://search.archives.nat.tn/fr/ANTthekira/Lecteur_des_archives/La%20Tunisie%20Medicale-1951#page/1237/mode/2up,
Before_1956,1951,,,1245,129,https://search.archives.nat.tn/fr/ANTthekira/Lecteur_des_archives/La%20Tunisie%20Medicale-1951#page/1245/mode/2up,
Before_1956,1951,,,1254,130,https://search.archives.nat.tn/fr/ANTthekira/Lecteur_des_archives/La%20Tunisie%20Medicale-1951#page/1254/mode/2up,
Before_1956,1951,,,1259,131,https://search.archives.nat.tn/fr/ANTthekira/Lecteur_des_archives/La%20Tunisie%20Medicale-1951#page/1259/mode/2up,
Before_1956,1950,28,2,94,1,https://search.archives.nat.tn/fr/ANTthekira/Lecteur_des_archives/La%20Tunisie%20Medicale-1950#page/94/mode/2up,
Before_1956,1950,28,3,104,2,https://search.archives.nat.tn/fr/ANTthekira/Lecteur_des_archives/La%20Tunisie%20Medicale-1950#page/104/mode/2up,
Before_1956,1950,28,4,109,3,https://search.archives.nat.tn/fr/ANTthekira/Lecteur_des_archives/La%20Tunisie%20Medicale-1950#page/109/mode/2up,
Before_1956,1950,28,5,115,4,https://search.archives.nat.tn/fr/ANTthekira/Lecteur_des_archives/La%20Tunisie%20Medicale-1950#page/115/mode/2up,
Before_1956,1950,28,6,123,5,https://search.archives.nat.tn/fr/ANTthekira/Lecteur_des_archives/La%20Tunisie%20Medicale-1950#page/123/mode/2up,
Before_1956,1950,28,1,163,6,https://search.archives.nat.tn/fr/ANTthekira/Lecteur_des_archives/La%20Tunisie%20Medicale-1950#page/163/mode/2up,
Before_1956,1950,28,2,165,7,https://search.archives.nat.tn/fr/ANTthekira/Lecteur_des_archives/La%20Tunisie%20Medicale-1950#page/165/mode/2up,
Before_1956,1950,28,3,183,8,https://search.archives.nat.tn/fr/ANTthekira/Lecteur_des_archives/La%20Tunisie%20Medicale-1950#page/183/mode/2up,
Before_1956,1950,28,4,185,9,https://search.archives.nat.tn/fr/ANTthekira/Lecteur_des_archives/La%20Tunisie%20Medicale-1950#page/185/mode/2up,
Before_1956,1950,28,5,198,10,https://search.archives.nat.tn/fr/ANTthekira/Lecteur_des_archives/La%20Tunisie%20Medicale-1950#page/198/mode/2up,
Before_1956,1950,28,6,216,11,https://search.archives.nat.tn/fr/ANTthekira/Lecteur_des_archives/La%20Tunisie%20Medicale-1950#page/216/mode/2up,
Before_1956,1950,28,1,244,12,https://search.archives.nat.tn/fr/ANTthekira/Lecteur_des_archives/La%20Tunisie%20Medicale-1950#page/244/mode/2up,
Before_1956,1950,,,260,13,https://search.archives.nat.tn/fr/ANTthekira/Lecteur_des_archives/La%20Tunisie%20Medicale-1950#page/260/mode/2up,
Before_1956,1950,,,291,14,https://search.archives.nat.tn/fr/ANTthekira/Lecteur_des_archives/La%20Tunisie%20Medicale-1950#page/291/mode/2up,
Before_1956,1950,,,304,15,https://search.archives.nat.tn/fr/ANTthekira/Lecteur_des_archives/La%20Tunisie%20Medicale-1950#page/304/mode/2up,
Before_1956,1950,,,331,16,https://search.archives.nat.tn/fr/ANTthekira/Lecteur_des_archives/La%20Tunisie%20Medicale-1950#page/331/mode/2up,
Before_1956,1950,,,341,17,https://search.archives.nat.tn/fr/ANTthekira/Lecteur_des_archives/La%20Tunisie%20Medicale-1950#page/341/mode/2up,
Before_1956,1950,,,347,18,https://search.archives.nat.tn/fr/ANTthekira/Lecteur_des_archives/La%20Tunisie%20Medicale-1950#page/347/mode/2up,
Before_1956,1950,,,349,19,https://search.archives.nat.tn/fr/ANTthekira/Lecteur_des_archives/La%20Tunisie%20Medicale-1950#page/349/mode/2up,
Before_1956,1950,,,355,20,https://search.archives.nat.tn/fr/ANTthekira/Lecteur_des_archives/La%20Tunisie%20Medicale-1950#page/355/mode/2up,
Before_1956,1950,,,359,21,https://search.archives.nat.tn/fr/ANTthekira/Lecteur_des_archives/La%20Tunisie%20Medicale-1950#page/359/mode/2up,
Before_1956,1950,,,369,22,https://search.archives.nat.tn/fr/ANTthekira/Lecteur_des_archives/La%20Tunisie%20Medicale-1950#page/369/mode/2up,
Before_1956,1950,,,397,23,https://search.archives.nat.tn/fr/ANTthekira/Lecteur_des_archives/La%20Tunisie%20Medicale-1950#page/397/mode/2up,
Before_1956,1950,,,406,24,https://search.archives.nat.tn/fr/ANTthekira/Lecteur_des_archives/La%20Tunisie%20Medicale-1950#page/406/mode/2up,
Before_1956,1950,,,413,25,https://search.archives.nat.tn/fr/ANTthekira/Lecteur_des_archives/La%20Tunisie%20Medicale-1950#page/413/mode/2up,
Before_1956,1950,,,425,26,https://search.archives.nat.tn/fr/ANTthekira/Lecteur_des_archives/La%20Tunisie%20Medicale-1950#page/425/mode/2up,
Before_1956,1950,,,435,27,https://search.archives.nat.tn/fr/ANTthekira/Lecteur_des_archives/La%20Tunisie%20Medicale-1950#page/435/mode/2up,
Before_1956,1950,,,441,28,https://search.archives.nat.tn/fr/ANTthekira/Lecteur_des_archives/La%20Tunisie%20Medicale-1950#page/441/mode/2up,
Before_1956,1950,,,450,29,https://search.archives.nat.tn/fr/ANTthekira/Lecteur_des_archives/La%20Tunisie%20Medicale-1950#page/450/mode/2up,
Before_1956,1950,,,455,30,https://search.archives.nat.tn/fr/ANTthekira/Lecteur_des_archives/La%20Tunisie%20Medicale-1950#page/455/mode/2up,
Before_1956,1950,,,462,31,https://search.archives.nat.tn/fr/ANTthekira/Lecteur_des_archives/La%20Tunisie%20Medicale-1950#page/462/mode/2up,
Before_1956,1950,,,466,32,https://search.archives.nat.tn/fr/ANTthekira/Lecteur_des_archives/La%20Tunisie%20Medicale-1950#page/466/mode/2up,
Before_1956,1950,,,479,33,https://search.archives.nat.tn/fr/ANTthekira/Lecteur_des_archives/La%20Tunisie%20Medicale-1950#page/479/mode/2up,
Before_1956,1950,,,482,34,https://search.archives.nat.tn/fr/ANTthekira/Lecteur_des_archives/La%20Tunisie%20Medicale-1950#page/482/mode/2up,
Before_1956,1950,,,497,35,https://search.archives.nat.tn/fr/ANTthekira/Lecteur_des_archives/La%20Tunisie%20Medicale-1950#page/497/mode/2up,
Before_1956,1950,,,503,36,https://search.archives.nat.tn/fr/ANTthekira/Lecteur_des_archives/La%20Tunisie%20Medicale-1950#page/503/mode/2up,
Before_1956,1950,,,521,37,https://search.archives.nat.tn/fr/ANTthekira/Lecteur_des_archives/La%20Tunisie%20Medicale-1950#page/521/mode/2up,
Before_1956,1950,,,535,38,https://search.archives.nat.tn/fr/ANTthekira/Lecteur_des_archives/La%20Tunisie%20Medicale-1950#page/535/mode/2up,
Before_1956,1950,,,543,39,https://search.archives.nat.tn/fr/ANTthekira/Lecteur_des_archives/La%20Tunisie%20Medicale-1950#page/543/mode/2up,
Before_1956,1950,,,555,40,https://search.archives.nat.tn/fr/ANTthekira/Lecteur_des_archives/La%20Tunisie%20Medicale-1950#page/555/mode/2up,
Before_1956,1950,,,561,41,https://search.archives.nat.tn/fr/ANTthekira/Lecteur_des_archives/La%20Tunisie%20Medicale-1950#page/561/mode/2up,
Before_1956,1950,,,605,42,https://search.archives.nat.tn/fr/ANTthekira/Lecteur_des_archives/La%20Tunisie%20Medicale-1950#page/605/mode/2up,
Before_1956,1950,,,625,43,https://search.archives.nat.tn/fr/ANTthekira/Lecteur_des_archives/La%20Tunisie%20Medicale-1950#page/625/mode/2up,
Before_1956,1950,,,632,44,https://search.archives.nat.tn/fr/ANTthekira/Lecteur_des_archives/La%20Tunisie%20Medicale-1950#page/632/mode/2up,
Before_1956,1950,,,649,45,https://search.archives.nat.tn/fr/ANTthekira/Lecteur_des_archives/La%20Tunisie%20Medicale-1950#page/649/mode/2up,
Before_1956,1950,,,657,46,https://search.archives.nat.tn/fr/ANTthekira/Lecteur_des_archives/La%20Tunisie%20Medicale-1950#page/657/mode/2up,
Before_1956,1950,,,663,47,https://search.archives.nat.tn/fr/ANTthekira/Lecteur_des_archives/La%20Tunisie%20Medicale-1950#page/663/mode/2up,
Before_1956,1950,,,673,48,https://search.archives.nat.tn/fr/ANTthekira/Lecteur_des_archives/La%20Tunisie%20Medicale-1950#page/673/mode/2up,
Before_1956,1950,,,677,49,https://search.archives.nat.tn/fr/ANTthekira/Lecteur_des_archives/La%20Tunisie%20Medicale-1950#page/677/mode/2up,
Before_1956,1950,,,689,50,https://search.archives.nat.tn/fr/ANTthekira/Lecteur_des_archives/La%20Tunisie%20Medicale-1950#page/689/mode/2up,
Before_1956,1950,,,713,51,https://search.archives.nat.tn/fr/ANTthekira/Lecteur_des_archives/La%20Tunisie%20Medicale-1950#page/713/mode/2up,
Before_1956,1950,,,723,52,https://search.archives.nat.tn/fr/ANTthekira/Lecteur_des_archives/La%20Tunisie%20Medicale-1950#page/723/mode/2up,
Before_1956,1950,,,735,53,https://search.archives.nat.tn/fr/ANTthekira/Lecteur_des_archives/La%20Tunisie%20Medicale-1950#page/735/mode/2up,
Before_1956,1950,,,742,54,https://search.archives.nat.tn/fr/ANTthekira/Lecteur_des_archives/La%20Tunisie%20Medicale-1950#page/742/mode/2up,
Before_1956,1950,,,747,55,https://search.archives.nat.tn/fr/ANTthekira/Lecteur_des_archives/La%20Tunisie%20Medicale-1950#page/747/mode/2up,
Before_1956,1950,,,751,56,https://search.archives.nat.tn/fr/ANTthekira/Lecteur_des_archives/La%20Tunisie%20Medicale-1950#page/751/mode/2up,
Before_1956,1950,,,759,57,https://search.archives.nat.tn/fr/ANTthekira/Lecteur_des_archives/La%20Tunisie%20Medicale-1950#page/759/mode/2up,
Before_1956,1950,,,765,58,https://search.archives.nat.tn/fr/ANTthekira/Lecteur_des_archives/La%20Tunisie%20Medicale-1950#page/765/mode/2up,
Before_1956,1950,,,795,59,https://search.archives.nat.tn/fr/ANTthekira/Lecteur_des_archives/La%20Tunisie%20Medicale-1950#page/795/mode/2up,
Before_1956,1950,,,803,60,https://search.archives.nat.tn/fr/ANTthekira/Lecteur_des_archives/La%20Tunisie%20Medicale-1950#page/803/mode/2up,
Before_1956,1950,,,817,61,https://search.archives.nat.tn/fr/ANTthekira/Lecteur_des_archives/La%20Tunisie%20Medicale-1950#page/817/mode/2up,
Before_1956,1950,,,821,62,https://search.archives.nat.tn/fr/ANTthekira/Lecteur_des_archives/La%20Tunisie%20Medicale-1950#page/821/mode/2up,
Before_1956,1950,,,831,63,https://search.archives.nat.tn/fr/ANTthekira/Lecteur_des_archives/La%20Tunisie%20Medicale-1950#page/831/mode/2up,
Before_1956,1950,,,835,64,https://search.archives.nat.tn/fr/ANTthekira/Lecteur_des_archives/La%20Tunisie%20Medicale-1950#page/835/mode/2up,
Before_1956,1950,,,843,65,https://search.archives.nat.tn/fr/ANTthekira/Lecteur_des_archives/La%20Tunisie%20Medicale-1950#page/843/mode/2up,
Before_1956,1950,,,855,66,https://search.archives.nat.tn/fr/ANTthekira/Lecteur_des_archives/La%20Tunisie%20Medicale-1950#page/855/mode/2up,
Before_1956,1950,,,903,67,https://search.archives.nat.tn/fr/ANTthekira/Lecteur_des_archives/La%20Tunisie%20Medicale-1950#page/903/mode/2up,
Before_1956,1950,,,907,68,https://search.archives.nat.tn/fr/ANTthekira/Lecteur_des_archives/La%20Tunisie%20Medicale-1950#page/907/mode/2up,
Before_1956,1950,,,913,69,https://search.archives.nat.tn/fr/ANTthekira/Lecteur_des_archives/La%20Tunisie%20Medicale-1950#page/913/mode/2up,
Before_1956,1950,,,919,70,https://search.archives.nat.tn/fr/ANTthekira/Lecteur_des_archives/La%20Tunisie%20Medicale-1950#page/919/mode/2up,
Before_1956,1950,,,929,71,https://search.archives.nat.tn/fr/ANTthekira/Lecteur_des_archives/La%20Tunisie%20Medicale-1950#page/929/mode/2up,
Before_1956,1950,,,963,72,https://search.archives.nat.tn/fr/ANTthekira/Lecteur_des_archives/La%20Tunisie%20Medicale-1950#page/963/mode/2up,
Before_1956,1950,,,1021,73,https://search.archives.nat.tn/fr/ANTthekira/Lecteur_des_archives/La%20Tunisie%20Medicale-1950#page/1021/mode/2up,
Before_1956,1950,,,1027,74,https://search.archives.nat.tn/fr/ANTthekira/Lecteur_des_archives/La%20Tunisie%20Medicale-1950#page/1027/mode/2up,
Before_1956,1950,,,1031,75,https://search.archives.nat.tn/fr/ANTthekira/Lecteur_des_archives/La%20Tunisie%20Medicale-1950#page/1031/mode/2up,
Before_1956,1950,,,1035,76,https://search.archives.nat.tn/fr/ANTthekira/Lecteur_des_archives/La%20Tunisie%20Medicale-1950#page/1035/mode/2up,
Before_1956,1950,,,1038,77,https://search.archives.nat.tn/fr/ANTthekira/Lecteur_des_archives/La%20Tunisie%20Medicale-1950#page/1038/mode/2up,
Before_1956,1950,,,1048,78,https://search.archives.nat.tn/fr/ANTthekira/Lecteur_des_archives/La%20Tunisie%20Medicale-1950#page/1048/mode/2up,
Before_1956,1950,,,1052,79,https://search.archives.nat.tn/fr/ANTthekira/Lecteur_des_archives/La%20Tunisie%20Medicale-1950#page/1052/mode/2up,
Before_1956,1950,,,1064,80,https://search.archives.nat.tn/fr/ANTthekira/Lecteur_des_archives/La%20Tunisie%20Medicale-1950#page/1064/mode/2up,
Before_1956,1949,27,2,10,1,https://search.archives.nat.tn/fr/ANTthekira/Lecteur_des_archives/La%20Tunisie%20Medicale-1949#page/10/mode/2up,
Before_1956,1949,27,3,31,2,https://search.archives.nat.tn/fr/ANTthekira/Lecteur_des_archives/La%20Tunisie%20Medicale-1949#page/31/mode/2up,
Before_1956,1949,27,4,37,3,https://search.archives.nat.tn/fr/ANTthekira/Lecteur_des_archives/La%20Tunisie%20Medicale-1949#page/37/mode/2up,
Before_1956,1949,27,5,47,4,https://search.archives.nat.tn/fr/ANTthekira/Lecteur_des_archives/La%20Tunisie%20Medicale-1949#page/47/mode/2up,
Before_1956,1949,27,6,51,5,https://search.archives.nat.tn/fr/ANTthekira/Lecteur_des_archives/La%20Tunisie%20Medicale-1949#page/51/mode/2up,
Before_1956,1949,27,1,64,6,https://search.archives.nat.tn/fr/ANTthekira/Lecteur_des_archives/La%20Tunisie%20Medicale-1949#page/64/mode/2up,
Before_1956,1949,27,2,69,7,https://search.archives.nat.tn/fr/ANTthekira/Lecteur_des_archives/La%20Tunisie%20Medicale-1949#page/69/mode/2up,
Before_1956,1949,27,3,73,8,https://search.archives.nat.tn/fr/ANTthekira/Lecteur_des_archives/La%20Tunisie%20Medicale-1949#page/73/mode/2up,
Before_1956,1949,27,4,81,9,https://search.archives.nat.tn/fr/ANTthekira/Lecteur_des_archives/La%20Tunisie%20Medicale-1949#page/81/mode/2up,
Before_1956,1949,27,5,93,10,https://search.archives.nat.tn/fr/ANTthekira/Lecteur_des_archives/La%20Tunisie%20Medicale-1949#page/93/mode/2up,
Before_1956,1949,27,6,134,11,https://search.archives.nat.tn/fr/ANTthekira/Lecteur_des_archives/La%20Tunisie%20Medicale-1949#page/134/mode/2up,
Before_1956,1949,27,1,138,12,https://search.archives.nat.tn/fr/ANTthekira/Lecteur_des_archives/La%20Tunisie%20Medicale-1949#page/138/mode/2up,
Before_1956,1949,,,146,13,https://search.archives.nat.tn/fr/ANTthekira/Lecteur_des_archives/La%20Tunisie%20Medicale-1949#page/146/mode/2up,
Before_1956,1949,,,152,14,https://search.archives.nat.tn/fr/ANTthekira/Lecteur_des_archives/La%20Tunisie%20Medicale-1949#page/152/mode/2up,
Before_1956,1949,,,157,15,https://search.archives.nat.tn/fr/ANTthekira/Lecteur_des_archives/La%20Tunisie%20Medicale-1949#page/157/mode/2up,
Before_1956,1949,,,160,16,https://search.archives.nat.tn/fr/ANTthekira/Lecteur_des_archives/La%20Tunisie%20Medicale-1949#page/160/mode/2up,
Before_1956,1949,,,161,17,https://search.archives.nat.tn/fr/ANTthekira/Lecteur_des_archives/La%20Tunisie%20Medicale-1949#page/161/mode/2up,
Before_1956,1949,,,181,18,https://search.archives.nat.tn/fr/ANTthekira/Lecteur_des_archives/La%20Tunisie%20Medicale-1949#page/181/mode/2up,
Before_1956,1949,,,184,19,https://search.archives.nat.tn/fr/ANTthekira/Lecteur_des_archives/La%20Tunisie%20Medicale-1949#page/184/mode/2up,
Before_1956,1949,,,195,20,https://search.archives.nat.tn/fr/ANTthekira/Lecteur_des_archives/La%20Tunisie%20Medicale-1949#page/195/mode/2up,
Before_1956,1949,,,197,21,https://search.archives.nat.tn/fr/ANTthekira/Lecteur_des_archives/La%20Tunisie%20Medicale-1949#page/197/mode/2up,
Before_1956,1949,,,201,22,https://search.archives.nat.tn/fr/ANTthekira/Lecteur_des_archives/La%20Tunisie%20Medicale-1949#page/201/mode/2up,
Before_1956,1949,,,213,23,https://search.archives.nat.tn/fr/ANTthekira/Lecteur_des_archives/La%20Tunisie%20Medicale-1949#page/213/mode/2up,
Before_1956,1949,,,221,24,https://search.archives.nat.tn/fr/ANTthekira/Lecteur_des_archives/La%20Tunisie%20Medicale-1949#page/221/mode/2up,
Before_1956,1949,,,223,25,https://search.archives.nat.tn/fr/ANTthekira/Lecteur_des_archives/La%20Tunisie%20Medicale-1949#page/223/mode/2up,
Before_1956,1949,,,231,26,https://search.archives.nat.tn/fr/ANTthekira/Lecteur_des_archives/La%20Tunisie%20Medicale-1949#page/231/mode/2up,
Before_1956,1949,,,239,27,https://search.archives.nat.tn/fr/ANTthekira/Lecteur_des_archives/La%20Tunisie%20Medicale-1949#page/239/mode/2up,
Before_1956,1949,,,243,28,https://search.archives.nat.tn/fr/ANTthekira/Lecteur_des_archives/La%20Tunisie%20Medicale-1949#page/243/mode/2up,
Before_1956,1949,,,247,29,https://search.archives.nat.tn/fr/ANTthekira/Lecteur_des_archives/La%20Tunisie%20Medicale-1949#page/247/mode/2up,
Before_1956,1949,,,249,30,https://search.archives.nat.tn/fr/ANTthekira/Lecteur_des_archives/La%20Tunisie%20Medicale-1949#page/249/mode/2up,
Before_1956,1949,,,251,31,https://search.archives.nat.tn/fr/ANTthekira/Lecteur_des_archives/La%20Tunisie%20Medicale-1949#page/251/mode/2up,
Before_1956,1949,,,257,32,https://search.archives.nat.tn/fr/ANTthekira/Lecteur_des_archives/La%20Tunisie%20Medicale-1949#page/257/mode/2up,
Before_1956,1949,,,260,33,https://search.archives.nat.tn/fr/ANTthekira/Lecteur_des_archives/La%20Tunisie%20Medicale-1949#page/260/mode/2up,
Before_1956,1949,,,273,34,https://search.archives.nat.tn/fr/ANTthekira/Lecteur_des_archives/La%20Tunisie%20Medicale-1949#page/273/mode/2up,
Before_1956,1949,,,276,35,https://search.archives.nat.tn/fr/ANTthekira/Lecteur_des_archives/La%20Tunisie%20Medicale-1949#page/276/mode/2up,
Before_1956,1949,,,283,36,https://search.archives.nat.tn/fr/ANTthekira/Lecteur_des_archives/La%20Tunisie%20Medicale-1949#page/283/mode/2up,
Before_1956,1949,,,292,37,https://search.archives.nat.tn/fr/ANTthekira/Lecteur_des_archives/La%20Tunisie%20Medicale-1949#page/292/mode/2up,
Before_1956,1949,,,299,38,https://search.archives.nat.tn/fr/ANTthekira/Lecteur_des_archives/La%20Tunisie%20Medicale-1949#page/299/mode/2up,
Before_1956,1949,,,313,39,https://search.archives.nat.tn/fr/ANTthekira/Lecteur_des_archives/La%20Tunisie%20Medicale-1949#page/313/mode/2up,
Before_1956,1949,,,337,40,https://search.archives.nat.tn/fr/ANTthekira/Lecteur_des_archives/La%20Tunisie%20Medicale-1949#page/337/mode/2up,
Before_1956,1949,,,351,41,https://search.archives.nat.tn/fr/ANTthekira/Lecteur_des_archives/La%20Tunisie%20Medicale-1949#page/351/mode/2up,
Before_1956,1949,,,353,42,https://search.archives.nat.tn/fr/ANTthekira/Lecteur_des_archives/La%20Tunisie%20Medicale-1949#page/353/mode/2up,
Before_1956,1949,,,354,43,https://search.archives.nat.tn/fr/ANTthekira/Lecteur_des_archives/La%20Tunisie%20Medicale-1949#page/354/mode/2up,
Before_1956,1949,,,373,44,https://search.archives.nat.tn/fr/ANTthekira/Lecteur_des_archives/La%20Tunisie%20Medicale-1949#page/373/mode/2up,
Before_1956,1949,,,388,45,https://search.archives.nat.tn/fr/ANTthekira/Lecteur_des_archives/La%20Tunisie%20Medicale-1949#page/388/mode/2up,
Before_1956,1949,,,401,46,https://search.archives.nat.tn/fr/ANTthekira/Lecteur_des_archives/La%20Tunisie%20Medicale-1949#page/401/mode/2up,
Before_1956,1949,,,413,47,https://search.archives.nat.tn/fr/ANTthekira/Lecteur_des_archives/La%20Tunisie%20Medicale-1949#page/413/mode/2up,
Before_1956,1949,,,417,48,https://search.archives.nat.tn/fr/ANTthekira/Lecteur_des_archives/La%20Tunisie%20Medicale-1949#page/417/mode/2up,
Before_1956,1949,,,424,49,https://search.archives.nat.tn/fr/ANTthekira/Lecteur_des_archives/La%20Tunisie%20Medicale-1949#page/424/mode/2up,
Before_1956,1949,,,434,50,https://search.archives.nat.tn/fr/ANTthekira/Lecteur_des_archives/La%20Tunisie%20Medicale-1949#page/434/mode/2up,
Before_1956,1949,,,438,51,https://search.archives.nat.tn/fr/ANTthekira/Lecteur_des_archives/La%20Tunisie%20Medicale-1949#page/438/mode/2up,
Before_1956,1949,,,448,52,https://search.archives.nat.tn/fr/ANTthekira/Lecteur_des_archives/La%20Tunisie%20Medicale-1949#page/448/mode/2up,
Before_1956,1949,,,461,53,https://search.archives.nat.tn/fr/ANTthekira/Lecteur_des_archives/La%20Tunisie%20Medicale-1949#page/461/mode/2up,
Before_1956,1949,,,470,54,https://search.archives.nat.tn/fr/ANTthekira/Lecteur_des_archives/La%20Tunisie%20Medicale-1949#page/470/mode/2up,
Before_1956,1949,,,481,55,https://search.archives.nat.tn/fr/ANTthekira/Lecteur_des_archives/La%20Tunisie%20Medicale-1949#page/481/mode/2up,
Before_1956,1949,,,487,56,https://search.archives.nat.tn/fr/ANTthekira/Lecteur_des_archives/La%20Tunisie%20Medicale-1949#page/487/mode/2up,
Before_1956,1949,,,491,57,https://search.archives.nat.tn/fr/ANTthekira/Lecteur_des_archives/La%20Tunisie%20Medicale-1949#page/491/mode/2up,
Before_1956,1949,,,503,58,https://search.archives.nat.tn/fr/ANTthekira/Lecteur_des_archives/La%20Tunisie%20Medicale-1949#page/503/mode/2up,
Before_1956,1949,,,510,59,https://search.archives.nat.tn/fr/ANTthekira/Lecteur_des_archives/La%20Tunisie%20Medicale-1949#page/510/mode/2up,
Before_1956,1949,,,515,60,https://search.archives.nat.tn/fr/ANTthekira/Lecteur_des_archives/La%20Tunisie%20Medicale-1949#page/515/mode/2up,
Before_1956,1949,,,519,61,https://search.archives.nat.tn/fr/ANTthekira/Lecteur_des_archives/La%20Tunisie%20Medicale-1949#page/519/mode/2up,
Before_1956,1949,,,523,62,https://search.archives.nat.tn/fr/ANTthekira/Lecteur_des_archives/La%20Tunisie%20Medicale-1949#page/523/mode/2up,
Before_1956,1949,,,527,63,https://search.archives.nat.tn/fr/ANTthekira/Lecteur_des_archives/La%20Tunisie%20Medicale-1949#page/527/mode/2up,
Before_1956,1949,,,531,64,https://search.archives.nat.tn/fr/ANTthekira/Lecteur_des_archives/La%20Tunisie%20Medicale-1949#page/531/mode/2up,
Before_1956,1949,,,536,65,https://search.archives.nat.tn/fr/ANTthekira/Lecteur_des_archives/La%20Tunisie%20Medicale-1949#page/536/mode/2up,
Before_1956,1949,,,552,66,https://search.archives.nat.tn/fr/ANTthekira/Lecteur_des_archives/La%20Tunisie%20Medicale-1949#page/552/mode/2up,
Before_1956,1949,,,567,67,https://search.archives.nat.tn/fr/ANTthekira/Lecteur_des_archives/La%20Tunisie%20Medicale-1949#page/567/mode/2up,
Before_1956,1949,,,584,68,https://search.archives.nat.tn/fr/ANTthekira/Lecteur_des_archives/La%20Tunisie%20Medicale-1949#page/584/mode/2up,
Before_1956,1949,,,592,69,https://search.archives.nat.tn/fr/ANTthekira/Lecteur_des_archives/La%20Tunisie%20Medicale-1949#page/592/mode/2up,
Before_1956,1949,,,602,70,https://search.archives.nat.tn/fr/ANTthekira/Lecteur_des_archives/La%20Tunisie%20Medicale-1949#page/602/mode/2up,
Before_1956,1949,,,618,71,https://search.archives.nat.tn/fr/ANTthekira/Lecteur_des_archives/La%20Tunisie%20Medicale-1949#page/618/mode/2up,
Before_1956,1949,,,636,72,https://search.archives.nat.tn/fr/ANTthekira/Lecteur_des_archives/La%20Tunisie%20Medicale-1949#page/636/mode/2up,
Before_1956,1949,,,637,73,https://search.archives.nat.tn/fr/ANTthekira/Lecteur_des_archives/La%20Tunisie%20Medicale-1949#page/637/mode/2up,
Before_1956,1949,,,878,74,https://search.archives.nat.tn/fr/ANTthekira/Lecteur_des_archives/La%20Tunisie%20Medicale-1949#page/878/mode/2up,
Before_1956,1949,,,980,75,https://search.archives.nat.tn/fr/ANTthekira/Lecteur_des_archives/La%20Tunisie%20Medicale-1949#page/980/mode/2up,
Before_1956,1949,,,3,1,https://search.archives.nat.tn/fr/ANTthekira/Lecteur_des_archives/La%20Tunisie%20Medicale-1947-1948#page/3/mode/2up,
Before_1956,1949,,,29,2,https://search.archives.nat.tn/fr/ANTthekira/Lecteur_des_archives/La%20Tunisie%20Medicale-1947-1948#page/29/mode/2up,
Before_1956,1949,,,43,3,https://search.archives.nat.tn/fr/ANTthekira/Lecteur_des_archives/La%20Tunisie%20Medicale-1947-1948#page/43/mode/2up,
Before_1956,1949,,,51,4,https://search.archives.nat.tn/fr/ANTthekira/Lecteur_des_archives/La%20Tunisie%20Medicale-1947-1948#page/51/mode/2up,
Before_1956,1949,,,59,5,https://search.archives.nat.tn/fr/ANTthekira/Lecteur_des_archives/La%20Tunisie%20Medicale-1947-1948#page/59/mode/2up,
Before_1956,1949,,,71,6,https://search.archives.nat.tn/fr/ANTthekira/Lecteur_des_archives/La%20Tunisie%20Medicale-1947-1948#page/71/mode/2up,
Before_1956,1949,,,73,7,https://search.archives.nat.tn/fr/ANTthekira/Lecteur_des_archives/La%20Tunisie%20Medicale-1947-1948#page/73/mode/2up,
Before_1956,1949,,,79,8,https://search.archives.nat.tn/fr/ANTthekira/Lecteur_des_archives/La%20Tunisie%20Medicale-1947-1948#page/79/mode/2up,
Before_1956,1949,,,85,9,https://search.archives.nat.tn/fr/ANTthekira/Lecteur_des_archives/La%20Tunisie%20Medicale-1947-1948#page/85/mode/2up,
Before_1956,1949,,,87,10,https://search.archives.nat.tn/fr/ANTthekira/Lecteur_des_archives/La%20Tunisie%20Medicale-1947-1948#page/87/mode/2up,
Before_1956,1949,,,91,11,https://search.archives.nat.tn/fr/ANTthekira/Lecteur_des_archives/La%20Tunisie%20Medicale-1947-1948#page/91/mode/2up,
Before_1956,1949,,,97,12,https://search.archives.nat.tn/fr/ANTthekira/Lecteur_des_archives/La%20Tunisie%20Medicale-1947-1948#page/97/mode/2up,
Before_1956,1949,,,101,13,https://search.archives.nat.tn/fr/ANTthekira/Lecteur_des_archives/La%20Tunisie%20Medicale-1947-1948#page/101/mode/2up,
Before_1956,1949,,,105,14,https://search.archives.nat.tn/fr/ANTthekira/Lecteur_des_archives/La%20Tunisie%20Medicale-1947-1948#page/105/mode/2up,
Before_1956,1949,,,109,15,https://search.archives.nat.tn/fr/ANTthekira/Lecteur_des_archives/La%20Tunisie%20Medicale-1947-1948#page/109/mode/2up,
Before_1956,1949,,,113,16,https://search.archives.nat.tn/fr/ANTthekira/Lecteur_des_archives/La%20Tunisie%20Medicale-1947-1948#page/113/mode/2up,
Before_1956,1949,,,123,17,https://search.archives.nat.tn/fr/ANTthekira/Lecteur_des_archives/La%20Tunisie%20Medicale-1947-1948#page/123/mode/2up,
Before_1956,1949,,,153,18,https://search.archives.nat.tn/fr/ANTthekira/Lecteur_des_archives/La%20Tunisie%20Medicale-1947-1948#page/153/mode/2up,
Before_1956,1949,,,183,19,https://search.archives.nat.tn/fr/ANTthekira/Lecteur_des_archives/La%20Tunisie%20Medicale-1947-1948#page/183/mode/2up,
Before_1956,1949,,,197,20,https://search.archives.nat.tn/fr/ANTthekira/Lecteur_des_archives/La%20Tunisie%20Medicale-1947-1948#page/197/mode/2up,
Before_1956,1949,,,209,21,https://search.archives.nat.tn/fr/ANTthekira/Lecteur_des_archives/La%20Tunisie%20Medicale-1947-1948#page/209/mode/2up,
Before_1956,1949,,,215,22,https://search.archives.nat.tn/fr/ANTthekira/Lecteur_des_archives/La%20Tunisie%20Medicale-1947-1948#page/215/mode/2up,
Before_1956,1949,,,220,23,https://search.archives.nat.tn/fr/ANTthekira/Lecteur_des_archives/La%20Tunisie%20Medicale-1947-1948#page/220/mode/2up,
Before_1956,1949,,,241,24,https://search.archives.nat.tn/fr/ANTthekira/Lecteur_des_archives/La%20Tunisie%20Medicale-1947-1948#page/241/mode/2up,
Before_1956,1949,,,245,25,https://search.archives.nat.tn/fr/ANTthekira/Lecteur_des_archives/La%20Tunisie%20Medicale-1947-1948#page/245/mode/2up,
Before_1956,1949,,,251,26,https://search.archives.nat.tn/fr/ANTthekira/Lecteur_des_archives/La%20Tunisie%20Medicale-1947-1948#page/251/mode/2up,
Before_1956,1949,,,267,27,https://search.archives.nat.tn/fr/ANTthekira/Lecteur_des_archives/La%20Tunisie%20Medicale-1947-1948#page/267/mode/2up,
Before_1956,1949,,,271,28,https://search.archives.nat.tn/fr/ANTthekira/Lecteur_des_archives/La%20Tunisie%20Medicale-1947-1948#page/271/mode/2up,
Before_1956,1949,,,285,29,https://search.archives.nat.tn/fr/ANTthekira/Lecteur_des_archives/La%20Tunisie%20Medicale-1947-1948#page/285/mode/2up,
Before_1956,1949,,,304,30,https://search.archives.nat.tn/fr/ANTthekira/Lecteur_des_archives/La%20Tunisie%20Medicale-1947-1948#page/304/mode/2up,
Before_1956,1949,,,308,31,https://search.archives.nat.tn/fr/ANTthekira/Lecteur_des_archives/La%20Tunisie%20Medicale-1947-1948#page/308/mode/2up,
Before_1956,1949,,,316,32,https://search.archives.nat.tn/fr/ANTthekira/Lecteur_des_archives/La%20Tunisie%20Medicale-1947-1948#page/316/mode/2up,
Before_1956,1949,,,319,33,https://search.archives.nat.tn/fr/ANTthekira/Lecteur_des_archives/La%20Tunisie%20Medicale-1947-1948#page/319/mode/2up,
Before_1956,1949,,,335,34,https://search.archives.nat.tn/fr/ANTthekira/Lecteur_des_archives/La%20Tunisie%20Medicale-1947-1948#page/335/mode/2up,
Before_1956,1949,,,341,35,https://search.archives.nat.tn/fr/ANTthekira/Lecteur_des_archives/La%20Tunisie%20Medicale-1947-1948#page/341/mode/2up,
Before_1956,1949,,,348,36,https://search.archives.nat.tn/fr/ANTthekira/Lecteur_des_archives/La%20Tunisie%20Medicale-1947-1948#page/348/mode/2up,
Before_1956,1949,,,353,37,https://search.archives.nat.tn/fr/ANTthekira/Lecteur_des_archives/La%20Tunisie%20Medicale-1947-1948#page/353/mode/2up,
Before_1956,1949,,,359,38,https://search.archives.nat.tn/fr/ANTthekira/Lecteur_des_archives/La%20Tunisie%20Medicale-1947-1948#page/359/mode/2up,
Before_1956,1949,,,375,39,https://search.archives.nat.tn/fr/ANTthekira/Lecteur_des_archives/La%20Tunisie%20Medicale-1947-1948#page/375/mode/2up,
Before_1956,1949,,,415,40,https://search.archives.nat.tn/fr/ANTthekira/Lecteur_des_archives/La%20Tunisie%20Medicale-1947-1948#page/415/mode/2up,
Before_1956,1949,,,419,41,https://search.archives.nat.tn/fr/ANTthekira/Lecteur_des_archives/La%20Tunisie%20Medicale-1947-1948#page/419/mode/2up,
Before_1956,1949,,,428,42,https://search.archives.nat.tn/fr/ANTthekira/Lecteur_des_archives/La%20Tunisie%20Medicale-1947-1948#page/428/mode/2up,
Before_1956,1949,,,443,43,https://search.archives.nat.tn/fr/ANTthekira/Lecteur_des_archives/La%20Tunisie%20Medicale-1947-1948#page/443/mode/2up,
Before_1956,1949,,,457,44,https://search.archives.nat.tn/fr/ANTthekira/Lecteur_des_archives/La%20Tunisie%20Medicale-1947-1948#page/457/mode/2up,
Before_1956,1949,,,467,45,https://search.archives.nat.tn/fr/ANTthekira/Lecteur_des_archives/La%20Tunisie%20Medicale-1947-1948#page/467/mode/2up,
Before_1956,1949,,,472,46,https://search.archives.nat.tn/fr/ANTthekira/Lecteur_des_archives/La%20Tunisie%20Medicale-1947-1948#page/472/mode/2up,
Before_1956,1949,,,493,47,https://search.archives.nat.tn/fr/ANTthekira/Lecteur_des_archives/La%20Tunisie%20Medicale-1947-1948#page/493/mode/2up,
Before_1956,1949,,,496,48,https://search.archives.nat.tn/fr/ANTthekira/Lecteur_des_archives/La%20Tunisie%20Medicale-1947-1948#page/496/mode/2up,
Before_1956,1949,,,499,49,https://search.archives.nat.tn/fr/ANTthekira/Lecteur_des_archives/La%20Tunisie%20Medicale-1947-1948#page/499/mode/2up,
Before_1956,1949,,,519,50,https://search.archives.nat.tn/fr/ANTthekira/Lecteur_des_archives/La%20Tunisie%20Medicale-1947-1948#page/519/mode/2up,
Before_1956,1949,,,523,51,https://search.archives.nat.tn/fr/ANTthekira/Lecteur_des_archives/La%20Tunisie%20Medicale-1947-1948#page/523/mode/2up,
Before_1956,1949,,,527,52,https://search.archives.nat.tn/fr/ANTthekira/Lecteur_des_archives/La%20Tunisie%20Medicale-1947-1948#page/527/mode/2up,
Before_1956,1949,,,551,53,https://search.archives.nat.tn/fr/ANTthekira/Lecteur_des_archives/La%20Tunisie%20Medicale-1947-1948#page/551/mode/2up,
Before_1956,1949,,,584,54,https://search.archives.nat.tn/fr/ANTthekira/Lecteur_des_archives/La%20Tunisie%20Medicale-1947-1948#page/584/mode/2up,
Before_1956,1949,,,589,55,https://search.archives.nat.tn/fr/ANTthekira/Lecteur_des_archives/La%20Tunisie%20Medicale-1947-1948#page/589/mode/2up,
Before_1956,1949,,,601,56,https://search.archives.nat.tn/fr/ANTthekira/Lecteur_des_archives/La%20Tunisie%20Medicale-1947-1948#page/601/mode/2up,
Before_1956,1949,,,611,57,https://search.archives.nat.tn/fr/ANTthekira/Lecteur_des_archives/La%20Tunisie%20Medicale-1947-1948#page/611/mode/2up,
Before_1956,1949,,,617,58,https://search.archives.nat.tn/fr/ANTthekira/Lecteur_des_archives/La%20Tunisie%20Medicale-1947-1948#page/617/mode/2up,
Before_1956,1949,,,623,59,https://search.archives.nat.tn/fr/ANTthekira/Lecteur_des_archives/La%20Tunisie%20Medicale-1947-1948#page/623/mode/2up,
Before_1956,1949,,,627,60,https://search.archives.nat.tn/fr/ANTthekira/Lecteur_des_archives/La%20Tunisie%20Medicale-1947-1948#page/627/mode/2up,
Before_1956,1949,,,633,61,https://search.archives.nat.tn/fr/ANTthekira/Lecteur_des_archives/La%20Tunisie%20Medicale-1947-1948#page/633/mode/2up,
Before_1956,1949,,,639,62,https://search.archives.nat.tn/fr/ANTthekira/Lecteur_des_archives/La%20Tunisie%20Medicale-1947-1948#page/639/mode/2up,
Before_1956,1949,,,659,63,https://search.archives.nat.tn/fr/ANTthekira/Lecteur_des_archives/La%20Tunisie%20Medicale-1947-1948#page/659/mode/2up,
Before_1956,1949,,,677,64,https://search.archives.nat.tn/fr/ANTthekira/Lecteur_des_archives/La%20Tunisie%20Medicale-1947-1948#page/677/mode/2up,
Before_1956,1949,,,679,65,https://search.archives.nat.tn/fr/ANTthekira/Lecteur_des_archives/La%20Tunisie%20Medicale-1947-1948#page/679/mode/2up,
Before_1956,1949,,,682,66,https://search.archives.nat.tn/fr/ANTthekira/Lecteur_des_archives/La%20Tunisie%20Medicale-1947-1948#page/682/mode/2up,
Before_1956,1949,,,687,67,https://search.archives.nat.tn/fr/ANTthekira/Lecteur_des_archives/La%20Tunisie%20Medicale-1947-1948#page/687/mode/2up,
Before_1956,1949,,,690,68,https://search.archives.nat.tn/fr/ANTthekira/Lecteur_des_archives/La%20Tunisie%20Medicale-1947-1948#page/690/mode/2up,
Before_1956,1949,,,693,69,https://search.archives.nat.tn/fr/ANTthekira/Lecteur_des_archives/La%20Tunisie%20Medicale-1947-1948#page/693/mode/2up,
Before_1956,1949,,,698,70,https://search.archives.nat.tn/fr/ANTthekira/Lecteur_des_archives/La%20Tunisie%20Medicale-1947-1948#page/698/mode/2up,
Before_1956,1949,,,706,71,https://search.archives.nat.tn/fr/ANTthekira/Lecteur_des_archives/La%20Tunisie%20Medicale-1947-1948#page/706/mode/2up,
Before_1956,1949,,,730,72,https://search.archives.nat.tn/fr/ANTthekira/Lecteur_des_archives/La%20Tunisie%20Medicale-1947-1948#page/730/mode/2up,
Before_1956,1949,,,741,73,https://search.archives.nat.tn/fr/ANTthekira/Lecteur_des_archives/La%20Tunisie%20Medicale-1947-1948#page/741/mode/2up,
Before_1956,1949,,,743,74,https://search.archives.nat.tn/fr/ANTthekira/Lecteur_des_archives/La%20Tunisie%20Medicale-1947-1948#page/743/mode/2up,
Before_1956,1949,,,753,75,https://search.archives.nat.tn/fr/ANTthekira/Lecteur_des_archives/La%20Tunisie%20Medicale-1947-1948#page/753/mode/2up,
Before_1956,1949,,,757,76,https://search.archives.nat.tn/fr/ANTthekira/Lecteur_des_archives/La%20Tunisie%20Medicale-1947-1948#page/757/mode/2up,
Before_1956,1949,,,760,77,https://search.archives.nat.tn/fr/ANTthekira/Lecteur_des_archives/La%20Tunisie%20Medicale-1947-1948#page/760/mode/2up,
Before_1956,1949,,,763,78,https://search.archives.nat.tn/fr/ANTthekira/Lecteur_des_archives/La%20Tunisie%20Medicale-1947-1948#page/763/mode/2up,
Before_1956,1949,,,767,79,https://search.archives.nat.tn/fr/ANTthekira/Lecteur_des_archives/La%20Tunisie%20Medicale-1947-1948#page/767/mode/2up,
Before_1956,1949,,,773,80,https://search.archives.nat.tn/fr/ANTthekira/Lecteur_des_archives/La%20Tunisie%20Medicale-1947-1948#page/773/mode/2up,
Before_1956,1949,,,782,81,https://search.archives.nat.tn/fr/ANTthekira/Lecteur_des_archives/La%20Tunisie%20Medicale-1947-1948#page/782/mode/2up,
Before_1956,1949,,,807,82,https://search.archives.nat.tn/fr/ANTthekira/Lecteur_des_archives/La%20Tunisie%20Medicale-1947-1948#page/807/mode/2up,
Before_1956,1949,,,829,83,https://search.archives.nat.tn/fr/ANTthekira/Lecteur_des_archives/La%20Tunisie%20Medicale-1947-1948#page/829/mode/2up,
Before_1956,1949,,,849,84,https://search.archives.nat.tn/fr/ANTthekira/Lecteur_des_archives/La%20Tunisie%20Medicale-1947-1948#page/849/mode/2up,
Before_1956,1949,,,865,85,https://search.archives.nat.tn/fr/ANTthekira/Lecteur_des_archives/La%20Tunisie%20Medicale-1947-1948#page/865/mode/2up,
Before_1956,1949,,,887,86,https://search.archives.nat.tn/fr/ANTthekira/Lecteur_des_archives/La%20Tunisie%20Medicale-1947-1948#page/887/mode/2up,
Before_1956,1949,,,895,87,https://search.archives.nat.tn/fr/ANTthekira/Lecteur_des_archives/La%20Tunisie%20Medicale-1947-1948#page/895/mode/2up,
Before_1956,1949,,,902,88,https://search.archives.nat.tn/fr/ANTthekira/Lecteur_des_archives/La%20Tunisie%20Medicale-1947-1948#page/902/mode/2up,
Before_1956,1949,,,905,89,https://search.archives.nat.tn/fr/ANTthekira/Lecteur_des_archives/La%20Tunisie%20Medicale-1947-1948#page/905/mode/2up,
Before_1956,1949,,,921,90,https://search.archives.nat.tn/fr/ANTthekira/Lecteur_des_archives/La%20Tunisie%20Medicale-1947-1948#page/921/mode/2up,
Before_1956,1949,,,931,91,https://search.archives.nat.tn/fr/ANTthekira/Lecteur_des_archives/La%20Tunisie%20Medicale-1947-1948#page/931/mode/2up,
Before_1956,1949,,,939,92,https://search.archives.nat.tn/fr/ANTthekira/Lecteur_des_archives/La%20Tunisie%20Medicale-1947-1948#page/939/mode/2up,
Before_1956,1949,,,961,93,https://search.archives.nat.tn/fr/ANTthekira/Lecteur_des_archives/La%20Tunisie%20Medicale-1947-1948#page/961/mode/2up,
Before_1956,1949,,,971,94,https://search.archives.nat.tn/fr/ANTthekira/Lecteur_des_archives/La%20Tunisie%20Medicale-1947-1948#page/971/mode/2up,
Before_1956,1949,,,989,95,https://search.archives.nat.tn/fr/ANTthekira/Lecteur_des_archives/La%20Tunisie%20Medicale-1947-1948#page/989/mode/2up,
Before_1956,1938,16,2,1,1,https://search.archives.nat.tn/fr/ANTthekira/Lecteur_des_archives/La%20Tunisie%20Medicale-1938#page/1/mode/2up,
Before_1956,1938,16,3,16,2,https://search.archives.nat.tn/fr/ANTthekira/Lecteur_des_archives/La%20Tunisie%20Medicale-1938#page/16/mode/2up,
Before_1956,1938,16,4,27,3,https://search.archives.nat.tn/fr/ANTthekira/Lecteur_des_archives/La%20Tunisie%20Medicale-1938#page/27/mode/2up,
Before_1956,1938,16,5,36,4,https://search.archives.nat.tn/fr/ANTthekira/Lecteur_des_archives/La%20Tunisie%20Medicale-1938#page/36/mode/2up,
Before_1956,1938,16,6,37,5,https://search.archives.nat.tn/fr/ANTthekira/Lecteur_des_archives/La%20Tunisie%20Medicale-1938#page/37/mode/2up,
Before_1956,1938,16,1,41,6,https://search.archives.nat.tn/fr/ANTthekira/Lecteur_des_archives/La%20Tunisie%20Medicale-1938#page/41/mode/2up,
Before_1956,1938,16,2,42,7,https://search.archives.nat.tn/fr/ANTthekira/Lecteur_des_archives/La%20Tunisie%20Medicale-1938#page/42/mode/2up,
Before_1956,1938,16,3,48,8,https://search.archives.nat.tn/fr/ANTthekira/Lecteur_des_archives/La%20Tunisie%20Medicale-1938#page/48/mode/2up,
Before_1956,1938,16,4,52,9,https://search.archives.nat.tn/fr/ANTthekira/Lecteur_des_archives/La%20Tunisie%20Medicale-1938#page/52/mode/2up,
Before_1956,1938,16,5,62,10,https://search.archives.nat.tn/fr/ANTthekira/Lecteur_des_archives/La%20Tunisie%20Medicale-1938#page/62/mode/2up,
Before_1956,1938,16,6,71,11,https://search.archives.nat.tn/fr/ANTthekira/Lecteur_des_archives/La%20Tunisie%20Medicale-1938#page/71/mode/2up,
Before_1956,1938,16,1,76,12,https://search.archives.nat.tn/fr/ANTthekira/Lecteur_des_archives/La%20Tunisie%20Medicale-1938#page/76/mode/2up,
Before_1956,1938,,,82,13,https://search.archives.nat.tn/fr/ANTthekira/Lecteur_des_archives/La%20Tunisie%20Medicale-1938#page/82/mode/2up,
Before_1956,1938,,,84,14,https://search.archives.nat.tn/fr/ANTthekira/Lecteur_des_archives/La%20Tunisie%20Medicale-1938#page/84/mode/2up,
Before_1956,1938,,,85,15,https://search.archives.nat.tn/fr/ANTthekira/Lecteur_des_archives/La%20Tunisie%20Medicale-1938#page/85/mode/2up,
Before_1956,1938,,,89,16,https://search.archives.nat.tn/fr/ANTthekira/Lecteur_des_archives/La%20Tunisie%20Medicale-1938#page/89/mode/2up,
Before_1956,1938,,,105,17,https://search.archives.nat.tn/fr/ANTthekira/Lecteur_des_archives/La%20Tunisie%20Medicale-1938#page/105/mode/2up,
Before_1956,1938,,,113,18,https://search.archives.nat.tn/fr/ANTthekira/Lecteur_des_archives/La%20Tunisie%20Medicale-1938#page/113/mode/2up,
Before_1956,1938,,,122,19,https://search.archives.nat.tn/fr/ANTthekira/Lecteur_des_archives/La%20Tunisie%20Medicale-1938#page/122/mode/2up,
Before_1956,1938,,,125,20,https://search.archives.nat.tn/fr/ANTthekira/Lecteur_des_archives/La%20Tunisie%20Medicale-1938#page/125/mode/2up,
Before_1956,1938,,,128,21,https://search.archives.nat.tn/fr/ANTthekira/Lecteur_des_archives/La%20Tunisie%20Medicale-1938#page/128/mode/2up,
Before_1956,1938,,,133,22,https://search.archives.nat.tn/fr/ANTthekira/Lecteur_des_archives/La%20Tunisie%20Medicale-1938#page/133/mode/2up,
Before_1956,1938,,,142,23,https://search.archives.nat.tn/fr/ANTthekira/Lecteur_des_archives/La%20Tunisie%20Medicale-1938#page/142/mode/2up,
Before_1956,1938,,,152,24,https://search.archives.nat.tn/fr/ANTthekira/Lecteur_des_archives/La%20Tunisie%20Medicale-1938#page/152/mode/2up,
Before_1956,1938,,,157,25,https://search.archives.nat.tn/fr/ANTthekira/Lecteur_des_archives/La%20Tunisie%20Medicale-1938#page/157/mode/2up,
Before_1956,1938,,,165,26,https://search.archives.nat.tn/fr/ANTthekira/Lecteur_des_archives/La%20Tunisie%20Medicale-1938#page/165/mode/2up,
Before_1956,1938,,,177,27,https://search.archives.nat.tn/fr/ANTthekira/Lecteur_des_archives/La%20Tunisie%20Medicale-1938#page/177/mode/2up,
Before_1956,1938,,,186,28,https://search.archives.nat.tn/fr/ANTthekira/Lecteur_des_archives/La%20Tunisie%20Medicale-1938#page/186/mode/2up,
Before_1956,1938,,,191,29,https://search.archives.nat.tn/fr/ANTthekira/Lecteur_des_archives/La%20Tunisie%20Medicale-1938#page/191/mode/2up,
Before_1956,1938,,,195,30,https://search.archives.nat.tn/fr/ANTthekira/Lecteur_des_archives/La%20Tunisie%20Medicale-1938#page/195/mode/2up,
Before_1956,1938,,,201,31,https://search.archives.nat.tn/fr/ANTthekira/Lecteur_des_archives/La%20Tunisie%20Medicale-1938#page/201/mode/2up,
Before_1956,1938,,,207,32,https://search.archives.nat.tn/fr/ANTthekira/Lecteur_des_archives/La%20Tunisie%20Medicale-1938#page/207/mode/2up,
Before_1956,1938,,,211,33,https://search.archives.nat.tn/fr/ANTthekira/Lecteur_des_archives/La%20Tunisie%20Medicale-1938#page/211/mode/2up,
Before_1956,1938,,,220,34,https://search.archives.nat.tn/fr/ANTthekira/Lecteur_des_archives/La%20Tunisie%20Medicale-1938#page/220/mode/2up,
Before_1956,1938,,,229,35,https://search.archives.nat.tn/fr/ANTthekira/Lecteur_des_archives/La%20Tunisie%20Medicale-1938#page/229/mode/2up,
Before_1956,1938,,,236,36,https://search.archives.nat.tn/fr/ANTthekira/Lecteur_des_archives/La%20Tunisie%20Medicale-1938#page/236/mode/2up,
Before_1956,1938,,,238,37,https://search.archives.nat.tn/fr/ANTthekira/Lecteur_des_archives/La%20Tunisie%20Medicale-1938#page/238/mode/2up,
Before_1956,1938,,,240,38,https://search.archives.nat.tn/fr/ANTthekira/Lecteur_des_archives/La%20Tunisie%20Medicale-1938#page/240/mode/2up,
Before_1956,1938,,,243,39,https://search.archives.nat.tn/fr/ANTthekira/Lecteur_des_archives/La%20Tunisie%20Medicale-1938#page/243/mode/2up,
Before_1956,1938,,,250,40,https://search.archives.nat.tn/fr/ANTthekira/Lecteur_des_archives/La%20Tunisie%20Medicale-1938#page/250/mode/2up,
Before_1956,1938,,,256,41,https://search.archives.nat.tn/fr/ANTthekira/Lecteur_des_archives/La%20Tunisie%20Medicale-1938#page/256/mode/2up,
Before_1956,1938,,,260,42,https://search.archives.nat.tn/fr/ANTthekira/Lecteur_des_archives/La%20Tunisie%20Medicale-1938#page/260/mode/2up,
Before_1956,1938,,,263,43,https://search.archives.nat.tn/fr/ANTthekira/Lecteur_des_archives/La%20Tunisie%20Medicale-1938#page/263/mode/2up,
Before_1956,1938,,,266,44,https://search.archives.nat.tn/fr/ANTthekira/Lecteur_des_archives/La%20Tunisie%20Medicale-1938#page/266/mode/2up,
Before_1956,1938,,,270,45,https://search.archives.nat.tn/fr/ANTthekira/Lecteur_des_archives/La%20Tunisie%20Medicale-1938#page/270/mode/2up,
Before_1956,1938,,,275,46,https://search.archives.nat.tn/fr/ANTthekira/Lecteur_des_archives/La%20Tunisie%20Medicale-1938#page/275/mode/2up,
Before_1956,1938,,,303,47,https://search.archives.nat.tn/fr/ANTthekira/Lecteur_des_archives/La%20Tunisie%20Medicale-1938#page/303/mode/2up,
Before_1956,1938,,,313,48,https://search.archives.nat.tn/fr/ANTthekira/Lecteur_des_archives/La%20Tunisie%20Medicale-1938#page/313/mode/2up,
Before_1956,1938,,,323,49,https://search.archives.nat.tn/fr/ANTthekira/Lecteur_des_archives/La%20Tunisie%20Medicale-1938#page/323/mode/2up,
Before_1956,1938,,,334,50,https://search.archives.nat.tn/fr/ANTthekira/Lecteur_des_archives/La%20Tunisie%20Medicale-1938#page/334/mode/2up,
Before_1956,1938,,,341,51,https://search.archives.nat.tn/fr/ANTthekira/Lecteur_des_archives/La%20Tunisie%20Medicale-1938#page/341/mode/2up,
Before_1956,1938,,,349,52,https://search.archives.nat.tn/fr/ANTthekira/Lecteur_des_archives/La%20Tunisie%20Medicale-1938#page/349/mode/2up,
Before_1956,1938,,,355,53,https://search.archives.nat.tn/fr/ANTthekira/Lecteur_des_archives/La%20Tunisie%20Medicale-1938#page/355/mode/2up,
Before_1956,1938,,,357,54,https://search.archives.nat.tn/fr/ANTthekira/Lecteur_des_archives/La%20Tunisie%20Medicale-1938#page/357/mode/2up,
Before_1956,1938,,,359,55,https://search.archives.nat.tn/fr/ANTthekira/Lecteur_des_archives/La%20Tunisie%20Medicale-1938#page/359/mode/2up,
Before_1956,1938,,,363,56,https://search.archives.nat.tn/fr/ANTthekira/Lecteur_des_archives/La%20Tunisie%20Medicale-1938#page/363/mode/2up,
Before_1956,1938,,,369,57,https://search.archives.nat.tn/fr/ANTthekira/Lecteur_des_archives/La%20Tunisie%20Medicale-1938#page/369/mode/2up,
Before_1956,1938,,,375,58,https://search.archives.nat.tn/fr/ANTthekira/Lecteur_des_archives/La%20Tunisie%20Medicale-1938#page/375/mode/2up,
Before_1956,1938,,,378,59,https://search.archives.nat.tn/fr/ANTthekira/Lecteur_des_archives/La%20Tunisie%20Medicale-1938#page/378/mode/2up,
Before_1956,1938,,,387,60,https://search.archives.nat.tn/fr/ANTthekira/Lecteur_des_archives/La%20Tunisie%20Medicale-1938#page/387/mode/2up,
Before_1956,1938,,,399,61,https://search.archives.nat.tn/fr/ANTthekira/Lecteur_des_archives/La%20Tunisie%20Medicale-1938#page/399/mode/2up,
Before_1956,1938,,,400,62,https://search.archives.nat.tn/fr/ANTthekira/Lecteur_des_archives/La%20Tunisie%20Medicale-1938#page/400/mode/2up,
Before_1956,1938,,,406,63,https://search.archives.nat.tn/fr/ANTthekira/Lecteur_des_archives/La%20Tunisie%20Medicale-1938#page/406/mode/2up,
Before_1956,1938,,,415,64,https://search.archives.nat.tn/fr/ANTthekira/Lecteur_des_archives/La%20Tunisie%20Medicale-1938#page/415/mode/2up,
Before_1956,1938,,,425,65,https://search.archives.nat.tn/fr/ANTthekira/Lecteur_des_archives/La%20Tunisie%20Medicale-1938#page/425/mode/2up,
Before_1956,1938,,,435,66,https://search.archives.nat.tn/fr/ANTthekira/Lecteur_des_archives/La%20Tunisie%20Medicale-1938#page/435/mode/2up,
Before_1956,1938,,,445,67,https://search.archives.nat.tn/fr/ANTthekira/Lecteur_des_archives/La%20Tunisie%20Medicale-1938#page/445/mode/2up,
Before_1956,1938,,,461,68,https://search.archives.nat.tn/fr/ANTthekira/Lecteur_des_archives/La%20Tunisie%20Medicale-1938#page/461/mode/2up,
Before_1956,1938,,,462,69,https://search.archives.nat.tn/fr/ANTthekira/Lecteur_des_archives/La%20Tunisie%20Medicale-1938#page/462/mode/2up,
Before_1956,1938,,,463,70,https://search.archives.nat.tn/fr/ANTthekira/Lecteur_des_archives/La%20Tunisie%20Medicale-1938#page/463/mode/2up,
Before_1956,1938,,,465,71,https://search.archives.nat.tn/fr/ANTthekira/Lecteur_des_archives/La%20Tunisie%20Medicale-1938#page/465/mode/2up,
Before_1956,1938,,,469,72,https://search.archives.nat.tn/fr/ANTthekira/Lecteur_des_archives/La%20Tunisie%20Medicale-1938#page/469/mode/2up,
Before_1956,1938,,,476,73,https://search.archives.nat.tn/fr/ANTthekira/Lecteur_des_archives/La%20Tunisie%20Medicale-1938#page/476/mode/2up,
Before_1956,1938,,,482,74,https://search.archives.nat.tn/fr/ANTthekira/Lecteur_des_archives/La%20Tunisie%20Medicale-1938#page/482/mode/2up,
Before_1956,1938,,,489,75,https://search.archives.nat.tn/fr/ANTthekira/Lecteur_des_archives/La%20Tunisie%20Medicale-1938#page/489/mode/2up,
Before_1956,1938,,,512,76,https://search.archives.nat.tn/fr/ANTthekira/Lecteur_des_archives/La%20Tunisie%20Medicale-1938#page/512/mode/2up,
Before_1956,1938,,,516,77,https://search.archives.nat.tn/fr/ANTthekira/Lecteur_des_archives/La%20Tunisie%20Medicale-1938#page/516/mode/2up,
Before_1956,1938,,,520,78,https://search.archives.nat.tn/fr/ANTthekira/Lecteur_des_archives/La%20Tunisie%20Medicale-1938#page/520/mode/2up,
Before_1956,1938,,,525,79,https://search.archives.nat.tn/fr/ANTthekira/Lecteur_des_archives/La%20Tunisie%20Medicale-1938#page/525/mode/2up,
Before_1956,1938,,,526,80,https://search.archives.nat.tn/fr/ANTthekira/Lecteur_des_archives/La%20Tunisie%20Medicale-1938#page/526/mode/2up,
Before_1956,1938,,,527,81,https://search.archives.nat.tn/fr/ANTthekira/Lecteur_des_archives/La%20Tunisie%20Medicale-1938#page/527/mode/2up,
Before_1956,1938,,,555,82,https://search.archives.nat.tn/fr/ANTthekira/Lecteur_des_archives/La%20Tunisie%20Medicale-1938#page/555/mode/2up,
Before_1956,1938,,,581,83,https://search.archives.nat.tn/fr/ANTthekira/Lecteur_des_archives/La%20Tunisie%20Medicale-1938#page/581/mode/2up,
Before_1956,1938,,,583,84,https://search.archives.nat.tn/fr/ANTthekira/Lecteur_des_archives/La%20Tunisie%20Medicale-1938#page/583/mode/2up,
Before_1956,1938,,,596,85,https://search.archives.nat.tn/fr/ANTthekira/Lecteur_des_archives/La%20Tunisie%20Medicale-1938#page/596/mode/2up,
Before_1956,1938,,,599,86,https://search.archives.nat.tn/fr/ANTthekira/Lecteur_des_archives/La%20Tunisie%20Medicale-1938#page/599/mode/2up,
Before_1956,1938,,,605,87,https://search.archives.nat.tn/fr/ANTthekira/Lecteur_des_archives/La%20Tunisie%20Medicale-1938#page/605/mode/2up,
Before_1956,1933,11,2,1,1,https://search.archives.nat.tn/fr/ANTthekira/Lecteur_des_archives/La%20Tunisie%20Medicale-1933#page/1/mode/2up,
Before_1956,1933,11,3,16,2,https://search.archives.nat.tn/fr/ANTthekira/Lecteur_des_archives/La%20Tunisie%20Medicale-1933#page/16/mode/2up,
Before_1956,1933,11,4,23,3,https://search.archives.nat.tn/fr/ANTthekira/Lecteur_des_archives/La%20Tunisie%20Medicale-1933#page/23/mode/2up,
Before_1956,1933,11,5,45,4,https://search.archives.nat.tn/fr/ANTthekira/Lecteur_des_archives/La%20Tunisie%20Medicale-1933#page/45/mode/2up,
Before_1956,1933,11,6,49,5,https://search.archives.nat.tn/fr/ANTthekira/Lecteur_des_archives/La%20Tunisie%20Medicale-1933#page/49/mode/2up,
Before_1956,1933,11,1,53,6,https://search.archives.nat.tn/fr/ANTthekira/Lecteur_des_archives/La%20Tunisie%20Medicale-1933#page/53/mode/2up,
Before_1956,1933,11,2,55,7,https://search.archives.nat.tn/fr/ANTthekira/Lecteur_des_archives/La%20Tunisie%20Medicale-1933#page/55/mode/2up,
Before_1956,1933,11,5,56,8,https://search.archives.nat.tn/fr/ANTthekira/Lecteur_des_archives/La%20Tunisie%20Medicale-1933#page/56/mode/2up,
Before_1956,1933,11,5,56,9,https://search.archives.nat.tn/fr/ANTthekira/Lecteur_des_archives/La%20Tunisie%20Medicale-1933#page/56/mode/2up,
Before_1956,1933,11,5,56,10,https://search.archives.nat.tn/fr/ANTthekira/Lecteur_des_archives/La%20Tunisie%20Medicale-1933#page/56/mode/2up,
Before_1956,1933,11,1,57,11,https://search.archives.nat.tn/fr/ANTthekira/Lecteur_des_archives/La%20Tunisie%20Medicale-1933#page/57/mode/2up,
Before_1956,1933,11,1,57,12,https://search.archives.nat.tn/fr/ANTthekira/Lecteur_des_archives/La%20Tunisie%20Medicale-1933#page/57/mode/2up,
Before_1956,1933,,,58,13,https://search.archives.nat.tn/fr/ANTthekira/Lecteur_des_archives/La%20Tunisie%20Medicale-1933#page/58/mode/2up,
Before_1956,1933,,,58,14,https://search.archives.nat.tn/fr/ANTthekira/Lecteur_des_archives/La%20Tunisie%20Medicale-1933#page/58/mode/2up,
Before_1956,1933,,,59,15,https://search.archives.nat.tn/fr/ANTthekira/Lecteur_des_archives/La%20Tunisie%20Medicale-1933#page/59/mode/2up,
Before_1956,1933,,,65,16,https://search.archives.nat.tn/fr/ANTthekira/Lecteur_des_archives/La%20Tunisie%20Medicale-1933#page/65/mode/2up,
Before_1956,1933,,,70,17,https://search.archives.nat.tn/fr/ANTthekira/Lecteur_des_archives/La%20Tunisie%20Medicale-1933#page/70/mode/2up,
Before_1956,1933,,,81,18,https://search.archives.nat.tn/fr/ANTthekira/Lecteur_des_archives/La%20Tunisie%20Medicale-1933#page/81/mode/2up,
Before_1956,1933,,,92,19,https://search.archives.nat.tn/fr/ANTthekira/Lecteur_des_archives/La%20Tunisie%20Medicale-1933#page/92/mode/2up,
Before_1956,1933,,,95,20,https://search.archives.nat.tn/fr/ANTthekira/Lecteur_des_archives/La%20Tunisie%20Medicale-1933#page/95/mode/2up,
Before_1956,1933,,,100,21,https://search.archives.nat.tn/fr/ANTthekira/Lecteur_des_archives/La%20Tunisie%20Medicale-1933#page/100/mode/2up,
Before_1956,1933,,,100,22,https://search.archives.nat.tn/fr/ANTthekira/Lecteur_des_archives/La%20Tunisie%20Medicale-1933#page/100/mode/2up,
Before_1956,1933,,,101,23,https://search.archives.nat.tn/fr/ANTthekira/Lecteur_des_archives/La%20Tunisie%20Medicale-1933#page/101/mode/2up,
Before_1956,1933,,,101,24,https://search.archives.nat.tn/fr/ANTthekira/Lecteur_des_archives/La%20Tunisie%20Medicale-1933#page/101/mode/2up,
Before_1956,1933,,,102,25,https://search.archives.nat.tn/fr/ANTthekira/Lecteur_des_archives/La%20Tunisie%20Medicale-1933#page/102/mode/2up,
Before_1956,1933,,,107,26,https://search.archives.nat.tn/fr/ANTthekira/Lecteur_des_archives/La%20Tunisie%20Medicale-1933#page/107/mode/2up,
Before_1956,1933,,,117,27,https://search.archives.nat.tn/fr/ANTthekira/Lecteur_des_archives/La%20Tunisie%20Medicale-1933#page/117/mode/2up,
Before_1956,1933,,,125,28,https://search.archives.nat.tn/fr/ANTthekira/Lecteur_des_archives/La%20Tunisie%20Medicale-1933#page/125/mode/2up,
Before_1956,1933,,,135,29,https://search.archives.nat.tn/fr/ANTthekira/Lecteur_des_archives/La%20Tunisie%20Medicale-1933#page/135/mode/2up,
Before_1956,1933,,,140,30,https://search.archives.nat.tn/fr/ANTthekira/Lecteur_des_archives/La%20Tunisie%20Medicale-1933#page/140/mode/2up,
Before_1956,1933,,,141,31,https://search.archives.nat.tn/fr/ANTthekira/Lecteur_des_archives/La%20Tunisie%20Medicale-1933#page/141/mode/2up,
Before_1956,1933,,,142,32,https://search.archives.nat.tn/fr/ANTthekira/Lecteur_des_archives/La%20Tunisie%20Medicale-1933#page/142/mode/2up,
Before_1956,1933,,,145,33,https://search.archives.nat.tn/fr/ANTthekira/Lecteur_des_archives/La%20Tunisie%20Medicale-1933#page/145/mode/2up,
Before_1956,1933,,,152,34,https://search.archives.nat.tn/fr/ANTthekira/Lecteur_des_archives/La%20Tunisie%20Medicale-1933#page/152/mode/2up,
Before_1956,1933,,,156,35,https://search.archives.nat.tn/fr/ANTthekira/Lecteur_des_archives/La%20Tunisie%20Medicale-1933#page/156/mode/2up,
Before_1956,1933,,,161,36,https://search.archives.nat.tn/fr/ANTthekira/Lecteur_des_archives/La%20Tunisie%20Medicale-1933#page/161/mode/2up,
Before_1956,1933,,,165,37,https://search.archives.nat.tn/fr/ANTthekira/Lecteur_des_archives/La%20Tunisie%20Medicale-1933#page/165/mode/2up,
Before_1956,1933,,,173,38,https://search.archives.nat.tn/fr/ANTthekira/Lecteur_des_archives/La%20Tunisie%20Medicale-1933#page/173/mode/2up,
Before_1956,1933,,,174,39,https://search.archives.nat.tn/fr/ANTthekira/Lecteur_des_archives/La%20Tunisie%20Medicale-1933#page/174/mode/2up,
Before_1956,1933,,,176,40,https://search.archives.nat.tn/fr/ANTthekira/Lecteur_des_archives/La%20Tunisie%20Medicale-1933#page/176/mode/2up,
Before_1956,1933,,,176,41,https://search.archives.nat.tn/fr/ANTthekira/Lecteur_des_archives/La%20Tunisie%20Medicale-1933#page/176/mode/2up,
Before_1956,1933,,,177,42,https://search.archives.nat.tn/fr/ANTthekira/Lecteur_des_archives/La%20Tunisie%20Medicale-1933#page/177/mode/2up,
Before_1956,1933,,,177,43,https://search.archives.nat.tn/fr/ANTthekira/Lecteur_des_archives/La%20Tunisie%20Medicale-1933#page/177/mode/2up,
Before_1956,1933,,,178,44,https://search.archives.nat.tn/fr/ANTthekira/Lecteur_des_archives/La%20Tunisie%20Medicale-1933#page/178/mode/2up,
Before_1956,1933,,,178,45,https://search.archives.nat.tn/fr/ANTthekira/Lecteur_des_archives/La%20Tunisie%20Medicale-1933#page/178/mode/2up,
Before_1956,1933,,,179,46,https://search.archives.nat.tn/fr/ANTthekira/Lecteur_des_archives/La%20Tunisie%20Medicale-1933#page/179/mode/2up,
Before_1956,1933,,,181,47,https://search.archives.nat.tn/fr/ANTthekira/Lecteur_des_archives/La%20Tunisie%20Medicale-1933#page/181/mode/2up,
Before_1956,1933,,,201,48,https://search.archives.nat.tn/fr/ANTthekira/Lecteur_des_archives/La%20Tunisie%20Medicale-1933#page/201/mode/2up,
Before_1956,1933,,,214,49,https://search.archives.nat.tn/fr/ANTthekira/Lecteur_des_archives/La%20Tunisie%20Medicale-1933#page/214/mode/2up,
Before_1956,1933,,,215,50,https://search.archives.nat.tn/fr/ANTthekira/Lecteur_des_archives/La%20Tunisie%20Medicale-1933#page/215/mode/2up,
Before_1956,1933,,,218,51,https://search.archives.nat.tn/fr/ANTthekira/Lecteur_des_archives/La%20Tunisie%20Medicale-1933#page/218/mode/2up,
Before_1956,1933,,,223,52,https://search.archives.nat.tn/fr/ANTthekira/Lecteur_des_archives/La%20Tunisie%20Medicale-1933#page/223/mode/2up,
Before_1956,1933,,,229,53,https://search.archives.nat.tn/fr/ANTthekira/Lecteur_des_archives/La%20Tunisie%20Medicale-1933#page/229/mode/2up,
Before_1956,1933,,,239,54,https://search.archives.nat.tn/fr/ANTthekira/Lecteur_des_archives/La%20Tunisie%20Medicale-1933#page/239/mode/2up,
Before_1956,1933,,,251,55,https://search.archives.nat.tn/fr/ANTthekira/Lecteur_des_archives/La%20Tunisie%20Medicale-1933#page/251/mode/2up,
Before_1956,1933,,,252,56,https://search.archives.nat.tn/fr/ANTthekira/Lecteur_des_archives/La%20Tunisie%20Medicale-1933#page/252/mode/2up,
Before_1956,1933,,,253,57,https://search.archives.nat.tn/fr/ANTthekira/Lecteur_des_archives/La%20Tunisie%20Medicale-1933#page/253/mode/2up,
Before_1956,1933,,,254,58,https://search.archives.nat.tn/fr/ANTthekira/Lecteur_des_archives/La%20Tunisie%20Medicale-1933#page/254/mode/2up,
Before_1956,1933,,,258,59,https://search.archives.nat.tn/fr/ANTthekira/Lecteur_des_archives/La%20Tunisie%20Medicale-1933#page/258/mode/2up,
Before_1956,1933,,,263,60,https://search.archives.nat.tn/fr/ANTthekira/Lecteur_des_archives/La%20Tunisie%20Medicale-1933#page/263/mode/2up,
Before_1956,1933,,,283,61,https://search.archives.nat.tn/fr/ANTthekira/Lecteur_des_archives/La%20Tunisie%20Medicale-1933#page/283/mode/2up,
Before_1956,1933,,,292,62,https://search.archives.nat.tn/fr/ANTthekira/Lecteur_des_archives/La%20Tunisie%20Medicale-1933#page/292/mode/2up,
Before_1956,1933,,,295,63,https://search.archives.nat.tn/fr/ANTthekira/Lecteur_des_archives/La%20Tunisie%20Medicale-1933#page/295/mode/2up,
Before_1956,1933,,,313,64,https://search.archives.nat.tn/fr/ANTthekira/Lecteur_des_archives/La%20Tunisie%20Medicale-1933#page/313/mode/2up,
Before_1956,1933,,,339,65,https://search.archives.nat.tn/fr/ANTthekira/Lecteur_des_archives/La%20Tunisie%20Medicale-1933#page/339/mode/2up,
Before_1956,1933,,,350,66,https://search.archives.nat.tn/fr/ANTthekira/Lecteur_des_archives/La%20Tunisie%20Medicale-1933#page/350/mode/2up,
Before_1956,1933,,,366,67,https://search.archives.nat.tn/fr/ANTthekira/Lecteur_des_archives/La%20Tunisie%20Medicale-1933#page/366/mode/2up,
Before_1956,1933,,,383,68,https://search.archives.nat.tn/fr/ANTthekira/Lecteur_des_archives/La%20Tunisie%20Medicale-1933#page/383/mode/2up,
Before_1956,1933,,,388,69,https://search.archives.nat.tn/fr/ANTthekira/Lecteur_des_archives/La%20Tunisie%20Medicale-1933#page/388/mode/2up,
Before_1956,1933,,,392,70,https://search.archives.nat.tn/fr/ANTthekira/Lecteur_des_archives/La%20Tunisie%20Medicale-1933#page/392/mode/2up,
Before_1956,1933,,,399,71,https://search.archives.nat.tn/fr/ANTthekira/Lecteur_des_archives/La%20Tunisie%20Medicale-1933#page/399/mode/2up,
Before_1956,1933,,,414,72,https://search.archives.nat.tn/fr/ANTthekira/Lecteur_des_archives/La%20Tunisie%20Medicale-1933#page/414/mode/2up,
Before_1956,1933,,,422,73,https://search.archives.nat.tn/fr/ANTthekira/Lecteur_des_archives/La%20Tunisie%20Medicale-1933#page/422/mode/2up,
Before_1956,1933,,,430,74,https://search.archives.nat.tn/fr/ANTthekira/Lecteur_des_archives/La%20Tunisie%20Medicale-1933#page/430/mode/2up,
Before_1956,1933,,,436,75,https://search.archives.nat.tn/fr/ANTthekira/Lecteur_des_archives/La%20Tunisie%20Medicale-1933#page/436/mode/2up,
Before_1956,1933,,,447,76,https://search.archives.nat.tn/fr/ANTthekira/Lecteur_des_archives/La%20Tunisie%20Medicale-1933#page/447/mode/2up,
Before_1956,1933,,,453,77,https://search.archives.nat.tn/fr/ANTthekira/Lecteur_des_archives/La%20Tunisie%20Medicale-1933#page/453/mode/2up,
Before_1956,1933,,,465,78,https://search.archives.nat.tn/fr/ANTthekira/Lecteur_des_archives/La%20Tunisie%20Medicale-1933#page/465/mode/2up,
Before_1956,1933,,,470,79,https://search.archives.nat.tn/fr/ANTthekira/Lecteur_des_archives/La%20Tunisie%20Medicale-1933#page/470/mode/2up,
Before_1956,1933,,,473,80,https://search.archives.nat.tn/fr/ANTthekira/Lecteur_des_archives/La%20Tunisie%20Medicale-1933#page/473/mode/2up,
Before_1956,1933,,,475,81,https://search.archives.nat.tn/fr/ANTthekira/Lecteur_des_archives/La%20Tunisie%20Medicale-1933#page/475/mode/2up,
Before_1956,1933,,,478,82,https://search.archives.nat.tn/fr/ANTthekira/Lecteur_des_archives/La%20Tunisie%20Medicale-1933#page/478/mode/2up,
Before_1956,1933,,,480,83,https://search.archives.nat.tn/fr/ANTthekira/Lecteur_des_archives/La%20Tunisie%20Medicale-1933#page/480/mode/2up,
Before_1956,1933,,,485,84,https://search.archives.nat.tn/fr/ANTthekira/Lecteur_des_archives/La%20Tunisie%20Medicale-1933#page/485/mode/2up,
Before_1956,1933,,,496,85,https://search.archives.nat.tn/fr/ANTthekira/Lecteur_des_archives/La%20Tunisie%20Medicale-1933#page/496/mode/2up,
Before_1956,1933,,,496,86,https://search.archives.nat.tn/fr/ANTthekira/Lecteur_des_archives/La%20Tunisie%20Medicale-1933#page/496/mode/2up,
Before_1956,1933,,,498,87,https://search.archives.nat.tn/fr/ANTthekira/Lecteur_des_archives/La%20Tunisie%20Medicale-1933#page/498/mode/2up,
Before_1956,1932,10,2,1,1,https://search.archives.nat.tn/fr/ANTthekira/Lecteur_des_archives/La%20Tunisie%20Medicale-1932#page/1/mode/2up,
Before_1956,1932,10,3,15,2,https://search.archives.nat.tn/fr/ANTthekira/Lecteur_des_archives/La%20Tunisie%20Medicale-1932#page/15/mode/2up,
Before_1956,1932,10,4,20,3,https://search.archives.nat.tn/fr/ANTthekira/Lecteur_des_archives/La%20Tunisie%20Medicale-1932#page/20/mode/2up,
Before_1956,1932,10,5,39,4,https://search.archives.nat.tn/fr/ANTthekira/Lecteur_des_archives/La%20Tunisie%20Medicale-1932#page/39/mode/2up,
Before_1956,1932,10,6,45,5,https://search.archives.nat.tn/fr/ANTthekira/Lecteur_des_archives/La%20Tunisie%20Medicale-1932#page/45/mode/2up,
Before_1956,1932,10,1,48,6,https://search.archives.nat.tn/fr/ANTthekira/Lecteur_des_archives/La%20Tunisie%20Medicale-1932#page/48/mode/2up,
Before_1956,1932,10,2,52,7,https://search.archives.nat.tn/fr/ANTthekira/Lecteur_des_archives/La%20Tunisie%20Medicale-1932#page/52/mode/2up,
Before_1956,1932,10,3,63,8,https://search.archives.nat.tn/fr/ANTthekira/Lecteur_des_archives/La%20Tunisie%20Medicale-1932#page/63/mode/2up,
Before_1956,1932,10,4,79,9,https://search.archives.nat.tn/fr/ANTthekira/Lecteur_des_archives/La%20Tunisie%20Medicale-1932#page/79/mode/2up,
Before_1956,1932,10,5,82,10,https://search.archives.nat.tn/fr/ANTthekira/Lecteur_des_archives/La%20Tunisie%20Medicale-1932#page/82/mode/2up,
Before_1956,1932,10,6,84,11,https://search.archives.nat.tn/fr/ANTthekira/Lecteur_des_archives/La%20Tunisie%20Medicale-1932#page/84/mode/2up,
Before_1956,1932,10,1,86,12,https://search.archives.nat.tn/fr/ANTthekira/Lecteur_des_archives/La%20Tunisie%20Medicale-1932#page/86/mode/2up,
Before_1956,1932,,,89,13,https://search.archives.nat.tn/fr/ANTthekira/Lecteur_des_archives/La%20Tunisie%20Medicale-1932#page/89/mode/2up,
Before_1956,1932,,,99,14,https://search.archives.nat.tn/fr/ANTthekira/Lecteur_des_archives/La%20Tunisie%20Medicale-1932#page/99/mode/2up,
Before_1956,1932,,,104,15,https://search.archives.nat.tn/fr/ANTthekira/Lecteur_des_archives/La%20Tunisie%20Medicale-1932#page/104/mode/2up,
Before_1956,1932,,,110,16,https://search.archives.nat.tn/fr/ANTthekira/Lecteur_des_archives/La%20Tunisie%20Medicale-1932#page/110/mode/2up,
Before_1956,1932,,,112,17,https://search.archives.nat.tn/fr/ANTthekira/Lecteur_des_archives/La%20Tunisie%20Medicale-1932#page/112/mode/2up,
Before_1956,1932,,,119,18,https://search.archives.nat.tn/fr/ANTthekira/Lecteur_des_archives/La%20Tunisie%20Medicale-1932#page/119/mode/2up,
Before_1956,1932,,,134,19,https://search.archives.nat.tn/fr/ANTthekira/Lecteur_des_archives/La%20Tunisie%20Medicale-1932#page/134/mode/2up,
Before_1956,1932,,,155,20,https://search.archives.nat.tn/fr/ANTthekira/Lecteur_des_archives/La%20Tunisie%20Medicale-1932#page/155/mode/2up,
Before_1956,1932,,,173,21,https://search.archives.nat.tn/fr/ANTthekira/Lecteur_des_archives/La%20Tunisie%20Medicale-1932#page/173/mode/2up,
Before_1956,1932,,,184,22,https://search.archives.nat.tn/fr/ANTthekira/Lecteur_des_archives/La%20Tunisie%20Medicale-1932#page/184/mode/2up,
Before_1956,1932,,,187,23,https://search.archives.nat.tn/fr/ANTthekira/Lecteur_des_archives/La%20Tunisie%20Medicale-1932#page/187/mode/2up,
Before_1956,1932,,,192,24,https://search.archives.nat.tn/fr/ANTthekira/Lecteur_des_archives/La%20Tunisie%20Medicale-1932#page/192/mode/2up,
Before_1956,1932,,,211,25,https://search.archives.nat.tn/fr/ANTthekira/Lecteur_des_archives/La%20Tunisie%20Medicale-1932#page/211/mode/2up,
Before_1956,1932,,,225,26,https://search.archives.nat.tn/fr/ANTthekira/Lecteur_des_archives/La%20Tunisie%20Medicale-1932#page/225/mode/2up,
Before_1956,1932,,,237,27,https://search.archives.nat.tn/fr/ANTthekira/Lecteur_des_archives/La%20Tunisie%20Medicale-1932#page/237/mode/2up,
Before_1956,1932,,,252,28,https://search.archives.nat.tn/fr/ANTthekira/Lecteur_des_archives/La%20Tunisie%20Medicale-1932#page/252/mode/2up,
Before_1956,1932,,,275,29,https://search.archives.nat.tn/fr/ANTthekira/Lecteur_des_archives/La%20Tunisie%20Medicale-1932#page/275/mode/2up,
Before_1956,1932,,,296,30,https://search.archives.nat.tn/fr/ANTthekira/Lecteur_des_archives/La%20Tunisie%20Medicale-1932#page/296/mode/2up,
Before_1956,1932,,,300,31,https://search.archives.nat.tn/fr/ANTthekira/Lecteur_des_archives/La%20Tunisie%20Medicale-1932#page/300/mode/2up,
Before_1956,1932,,,311,32,https://search.archives.nat.tn/fr/ANTthekira/Lecteur_des_archives/La%20Tunisie%20Medicale-1932#page/311/mode/2up,
Before_1956,1932,,,314,33,https://search.archives.nat.tn/fr/ANTthekira/Lecteur_des_archives/La%20Tunisie%20Medicale-1932#page/314/mode/2up,
Before_1956,1932,,,320,34,https://search.archives.nat.tn/fr/ANTthekira/Lecteur_des_archives/La%20Tunisie%20Medicale-1932#page/320/mode/2up,
Before_1956,1932,,,325,35,https://search.archives.nat.tn/fr/ANTthekira/Lecteur_des_archives/La%20Tunisie%20Medicale-1932#page/325/mode/2up,
Before_1956,1932,,,326,36,https://search.archives.nat.tn/fr/ANTthekira/Lecteur_des_archives/La%20Tunisie%20Medicale-1932#page/326/mode/2up,
Before_1956,1932,,,333,37,https://search.archives.nat.tn/fr/ANTthekira/Lecteur_des_archives/La%20Tunisie%20Medicale-1932#page/333/mode/2up,
Before_1956,1932,,,348,38,https://search.archives.nat.tn/fr/ANTthekira/Lecteur_des_archives/La%20Tunisie%20Medicale-1932#page/348/mode/2up,
Before_1956,1932,,,353,39,https://search.archives.nat.tn/fr/ANTthekira/Lecteur_des_archives/La%20Tunisie%20Medicale-1932#page/353/mode/2up,
Before_1956,1932,,,360,40,https://search.archives.nat.tn/fr/ANTthekira/Lecteur_des_archives/La%20Tunisie%20Medicale-1932#page/360/mode/2up,
Before_1956,1932,,,362,41,https://search.archives.nat.tn/fr/ANTthekira/Lecteur_des_archives/La%20Tunisie%20Medicale-1932#page/362/mode/2up,
Before_1956,1932,,,365,42,https://search.archives.nat.tn/fr/ANTthekira/Lecteur_des_archives/La%20Tunisie%20Medicale-1932#page/365/mode/2up,
Before_1956,1932,,,370,43,https://search.archives.nat.tn/fr/ANTthekira/Lecteur_des_archives/La%20Tunisie%20Medicale-1932#page/370/mode/2up,
Before_1956,1932,,,371,44,https://search.archives.nat.tn/fr/ANTthekira/Lecteur_des_archives/La%20Tunisie%20Medicale-1932#page/371/mode/2up,
Before_1956,1932,,,373,45,https://search.archives.nat.tn/fr/ANTthekira/Lecteur_des_archives/La%20Tunisie%20Medicale-1932#page/373/mode/2up,
Before_1956,1932,,,376,46,https://search.archives.nat.tn/fr/ANTthekira/Lecteur_des_archives/La%20Tunisie%20Medicale-1932#page/376/mode/2up,
Before_1956,1932,,,382,47,https://search.archives.nat.tn/fr/ANTthekira/Lecteur_des_archives/La%20Tunisie%20Medicale-1932#page/382/mode/2up,
Before_1956,1932,,,387,48,https://search.archives.nat.tn/fr/ANTthekira/Lecteur_des_archives/La%20Tunisie%20Medicale-1932#page/387/mode/2up,
Before_1956,1932,,,393,49,https://search.archives.nat.tn/fr/ANTthekira/Lecteur_des_archives/La%20Tunisie%20Medicale-1932#page/393/mode/2up,
Before_1956,1932,,,399,50,https://search.archives.nat.tn/fr/ANTthekira/Lecteur_des_archives/La%20Tunisie%20Medicale-1932#page/399/mode/2up,
Before_1956,1932,,,428,51,https://search.archives.nat.tn/fr/ANTthekira/Lecteur_des_archives/La%20Tunisie%20Medicale-1932#page/428/mode/2up,
Before_1956,1932,,,436,52,https://search.archives.nat.tn/fr/ANTthekira/Lecteur_des_archives/La%20Tunisie%20Medicale-1932#page/436/mode/2up,
Before_1956,1932,,,440,53,https://search.archives.nat.tn/fr/ANTthekira/Lecteur_des_archives/La%20Tunisie%20Medicale-1932#page/440/mode/2up,
Before_1956,1932,,,447,54,https://search.archives.nat.tn/fr/ANTthekira/Lecteur_des_archives/La%20Tunisie%20Medicale-1932#page/447/mode/2up,
Before_1956,1932,,,450,55,https://search.archives.nat.tn/fr/ANTthekira/Lecteur_des_archives/La%20Tunisie%20Medicale-1932#page/450/mode/2up,
Before_1956,1932,,,451,56,https://search.archives.nat.tn/fr/ANTthekira/Lecteur_des_archives/La%20Tunisie%20Medicale-1932#page/451/mode/2up,
Before_1956,1932,,,461,57,https://search.archives.nat.tn/fr/ANTthekira/Lecteur_des_archives/La%20Tunisie%20Medicale-1932#page/461/mode/2up,
Before_1956,1932,,,479,58,https://search.archives.nat.tn/fr/ANTthekira/Lecteur_des_archives/La%20Tunisie%20Medicale-1932#page/479/mode/2up,
Before_1956,1932,,,483,59,https://search.archives.nat.tn/fr/ANTthekira/Lecteur_des_archives/La%20Tunisie%20Medicale-1932#page/483/mode/2up,
Before_1956,1932,,,489,60,https://search.archives.nat.tn/fr/ANTthekira/Lecteur_des_archives/La%20Tunisie%20Medicale-1932#page/489/mode/2up,
Before_1956,1932,,,495,61,https://search.archives.nat.tn/fr/ANTthekira/Lecteur_des_archives/La%20Tunisie%20Medicale-1932#page/495/mode/2up,
Before_1956,1932,,,499,62,https://search.archives.nat.tn/fr/ANTthekira/Lecteur_des_archives/La%20Tunisie%20Medicale-1932#page/499/mode/2up,
Before_1956,1932,,,503,63,https://search.archives.nat.tn/fr/ANTthekira/Lecteur_des_archives/La%20Tunisie%20Medicale-1932#page/503/mode/2up,
Before_1956,1932,,,511,64,https://search.archives.nat.tn/fr/ANTthekira/Lecteur_des_archives/La%20Tunisie%20Medicale-1932#page/511/mode/2up,
Before_1956,1932,,,521,65,https://search.archives.nat.tn/fr/ANTthekira/Lecteur_des_archives/La%20Tunisie%20Medicale-1932#page/521/mode/2up,
Before_1956,1932,,,521,66,https://search.archives.nat.tn/fr/ANTthekira/Lecteur_des_archives/La%20Tunisie%20Medicale-1932#page/521/mode/2up,
Before_1956,1932,,,522,67,https://search.archives.nat.tn/fr/ANTthekira/Lecteur_des_archives/La%20Tunisie%20Medicale-1932#page/522/mode/2up,
Before_1956,1932,,,522,68,https://search.archives.nat.tn/fr/ANTthekira/Lecteur_des_archives/La%20Tunisie%20Medicale-1932#page/522/mode/2up,
Before_1956,1932,,,527,69,https://search.archives.nat.tn/fr/ANTthekira/Lecteur_des_archives/La%20Tunisie%20Medicale-1932#page/527/mode/2up,
Before_1956,1932,,,538,70,https://search.archives.nat.tn/fr/ANTthekira/Lecteur_des_archives/La%20Tunisie%20Medicale-1932#page/538/mode/2up,
Before_1956,1932,,,541,71,https://search.archives.nat.tn/fr/ANTthekira/Lecteur_des_archives/La%20Tunisie%20Medicale-1932#page/541/mode/2up,
Before_1956,1932,,,543,72,https://search.archives.nat.tn/fr/ANTthekira/Lecteur_des_archives/La%20Tunisie%20Medicale-1932#page/543/mode/2up,
Before_1956,1932,,,552,73,https://search.archives.nat.tn/fr/ANTthekira/Lecteur_des_archives/La%20Tunisie%20Medicale-1932#page/552/mode/2up,
Before_1956,1932,,,558,74,https://search.archives.nat.tn/fr/ANTthekira/Lecteur_des_archives/La%20Tunisie%20Medicale-1932#page/558/mode/2up,
Before_1956,1932,,,560,75,https://search.archives.nat.tn/fr/ANTthekira/Lecteur_des_archives/La%20Tunisie%20Medicale-1932#page/560/mode/2up,
Before_1956,1932,,,562,76,https://search.archives.nat.tn/fr/ANTthekira/Lecteur_des_archives/La%20Tunisie%20Medicale-1932#page/562/mode/2up,
Before_1956,1932,,,562,77,https://search.archives.nat.tn/fr/ANTthekira/Lecteur_des_archives/La%20Tunisie%20Medicale-1932#page/562/mode/2up,
Before_1956,1932,,,563,78,https://search.archives.nat.tn/fr/ANTthekira/Lecteur_des_archives/La%20Tunisie%20Medicale-1932#page/563/mode/2up,
Before_1956,1932,,,564,79,https://search.archives.nat.tn/fr/ANTthekira/Lecteur_des_archives/La%20Tunisie%20Medicale-1932#page/564/mode/2up,
Before_1956,1932,,,564,80,https://search.archives.nat.tn/fr/ANTthekira/Lecteur_des_archives/La%20Tunisie%20Medicale-1932#page/564/mode/2up,
Before_1956,1932,,,565,81,https://search.archives.nat.tn/fr/ANTthekira/Lecteur_des_archives/La%20Tunisie%20Medicale-1932#page/565/mode/2up,
Before_1956,1932,,,566,82,https://search.archives.nat.tn/fr/ANTthekira/Lecteur_des_archives/La%20Tunisie%20Medicale-1932#page/566/mode/2up,
Before_1956,1931,,,1,1,https://search.archives.nat.tn/fr/ANTthekira/Lecteur_des_archives/La%20Tunisie%20Medicale-1931#page/1/mode/2up,
Before_1956,1931,,,6,2,https://search.archives.nat.tn/fr/ANTthekira/Lecteur_des_archives/La%20Tunisie%20Medicale-1931#page/6/mode/2up,
Before_1956,1931,,,12,3,https://search.archives.nat.tn/fr/ANTthekira/Lecteur_des_archives/La%20Tunisie%20Medicale-1931#page/12/mode/2up,
Before_1956,1931,,,41,4,https://search.archives.nat.tn/fr/ANTthekira/Lecteur_des_archives/La%20Tunisie%20Medicale-1931#page/41/mode/2up,
Before_1956,1931,,,46,5,https://search.archives.nat.tn/fr/ANTthekira/Lecteur_des_archives/La%20Tunisie%20Medicale-1931#page/46/mode/2up,
Before_1956,1931,,,48,6,https://search.archives.nat.tn/fr/ANTthekira/Lecteur_des_archives/La%20Tunisie%20Medicale-1931#page/48/mode/2up,
Before_1956,1931,,,50,7,https://search.archives.nat.tn/fr/ANTthekira/Lecteur_des_archives/La%20Tunisie%20Medicale-1931#page/50/mode/2up,
Before_1956,1931,,,62,8,https://search.archives.nat.tn/fr/ANTthekira/Lecteur_des_archives/La%20Tunisie%20Medicale-1931#page/62/mode/2up,
Before_1956,1931,,,63,9,https://search.archives.nat.tn/fr/ANTthekira/Lecteur_des_archives/La%20Tunisie%20Medicale-1931#page/63/mode/2up,
Before_1956,1931,,,63,10,https://search.archives.nat.tn/fr/ANTthekira/Lecteur_des_archives/La%20Tunisie%20Medicale-1931#page/63/mode/2up,
Before_1956,1931,,,75,11,https://search.archives.nat.tn/fr/ANTthekira/Lecteur_des_archives/La%20Tunisie%20Medicale-1931#page/75/mode/2up,
Before_1956,1931,,,83,12,https://search.archives.nat.tn/fr/ANTthekira/Lecteur_des_archives/La%20Tunisie%20Medicale-1931#page/83/mode/2up,
Before_1956,1931,,,98,13,https://search.archives.nat.tn/fr/ANTthekira/Lecteur_des_archives/La%20Tunisie%20Medicale-1931#page/98/mode/2up,
Before_1956,1931,,,101,14,https://search.archives.nat.tn/fr/ANTthekira/Lecteur_des_archives/La%20Tunisie%20Medicale-1931#page/101/mode/2up,
Before_1956,1931,,,105,15,https://search.archives.nat.tn/fr/ANTthekira/Lecteur_des_archives/La%20Tunisie%20Medicale-1931#page/105/mode/2up,
Before_1956,1931,,,108,16,https://search.archives.nat.tn/fr/ANTthekira/Lecteur_des_archives/La%20Tunisie%20Medicale-1931#page/108/mode/2up,
Before_1956,1931,,,112,17,https://search.archives.nat.tn/fr/ANTthekira/Lecteur_des_archives/La%20Tunisie%20Medicale-1931#page/112/mode/2up,
Before_1956,1931,,,115,18,https://search.archives.nat.tn/fr/ANTthekira/Lecteur_des_archives/La%20Tunisie%20Medicale-1931#page/115/mode/2up,
Before_1956,1931,,,115,19,https://search.archives.nat.tn/fr/ANTthekira/Lecteur_des_archives/La%20Tunisie%20Medicale-1931#page/115/mode/2up,
Before_1956,1931,,,116,20,https://search.archives.nat.tn/fr/ANTthekira/Lecteur_des_archives/La%20Tunisie%20Medicale-1931#page/116/mode/2up,
Before_1956,1931,,,116,21,https://search.archives.nat.tn/fr/ANTthekira/Lecteur_des_archives/La%20Tunisie%20Medicale-1931#page/116/mode/2up,
Before_1956,1931,,,117,22,https://search.archives.nat.tn/fr/ANTthekira/Lecteur_des_archives/La%20Tunisie%20Medicale-1931#page/117/mode/2up,
Before_1956,1931,,,119,23,https://search.archives.nat.tn/fr/ANTthekira/Lecteur_des_archives/La%20Tunisie%20Medicale-1931#page/119/mode/2up,
Before_1956,1931,,,125,24,https://search.archives.nat.tn/fr/ANTthekira/Lecteur_des_archives/La%20Tunisie%20Medicale-1931#page/125/mode/2up,
Before_1956,1931,,,128,25,https://search.archives.nat.tn/fr/ANTthekira/Lecteur_des_archives/La%20Tunisie%20Medicale-1931#page/128/mode/2up,
Before_1956,1931,,,129,26,https://search.archives.nat.tn/fr/ANTthekira/Lecteur_des_archives/La%20Tunisie%20Medicale-1931#page/129/mode/2up,
Before_1956,1931,,,133,27,https://search.archives.nat.tn/fr/ANTthekira/Lecteur_des_archives/La%20Tunisie%20Medicale-1931#page/133/mode/2up,
Before_1956,1931,,,135,28,https://search.archives.nat.tn/fr/ANTthekira/Lecteur_des_archives/La%20Tunisie%20Medicale-1931#page/135/mode/2up,
Before_1956,1931,,,138,29,https://search.archives.nat.tn/fr/ANTthekira/Lecteur_des_archives/La%20Tunisie%20Medicale-1931#page/138/mode/2up,
Before_1956,1931,,,163,30,https://search.archives.nat.tn/fr/ANTthekira/Lecteur_des_archives/La%20Tunisie%20Medicale-1931#page/163/mode/2up,
Before_1956,1931,,,163,31,https://search.archives.nat.tn/fr/ANTthekira/Lecteur_des_archives/La%20Tunisie%20Medicale-1931#page/163/mode/2up,
Before_1956,1931,,,164,32,https://search.archives.nat.tn/fr/ANTthekira/Lecteur_des_archives/La%20Tunisie%20Medicale-1931#page/164/mode/2up,
Before_1956,1931,,,167,33,https://search.archives.nat.tn/fr/ANTthekira/Lecteur_des_archives/La%20Tunisie%20Medicale-1931#page/167/mode/2up,
Before_1956,1931,,,169,34,https://search.archives.nat.tn/fr/ANTthekira/Lecteur_des_archives/La%20Tunisie%20Medicale-1931#page/169/mode/2up,
Before_1956,1931,,,173,35,https://search.archives.nat.tn/fr/ANTthekira/Lecteur_des_archives/La%20Tunisie%20Medicale-1931#page/173/mode/2up,
Before_1956,1931,,,177,36,https://search.archives.nat.tn/fr/ANTthekira/Lecteur_des_archives/La%20Tunisie%20Medicale-1931#page/177/mode/2up,
Before_1956,1931,,,183,37,https://search.archives.nat.tn/fr/ANTthekira/Lecteur_des_archives/La%20Tunisie%20Medicale-1931#page/183/mode/2up,
Before_1956,1931,,,190,38,https://search.archives.nat.tn/fr/ANTthekira/Lecteur_des_archives/La%20Tunisie%20Medicale-1931#page/190/mode/2up,
Before_1956,1931,,,213,39,https://search.archives.nat.tn/fr/ANTthekira/Lecteur_des_archives/La%20Tunisie%20Medicale-1931#page/213/mode/2up,
Before_1956,1931,,,224,40,https://search.archives.nat.tn/fr/ANTthekira/Lecteur_des_archives/La%20Tunisie%20Medicale-1931#page/224/mode/2up,
Before_1956,1931,,,228,41,https://search.archives.nat.tn/fr/ANTthekira/Lecteur_des_archives/La%20Tunisie%20Medicale-1931#page/228/mode/2up,
Before_1956,1931,,,233,42,https://search.archives.nat.tn/fr/ANTthekira/Lecteur_des_archives/La%20Tunisie%20Medicale-1931#page/233/mode/2up,
Before_1956,1931,,,241,43,https://search.archives.nat.tn/fr/ANTthekira/Lecteur_des_archives/La%20Tunisie%20Medicale-1931#page/241/mode/2up,
Before_1956,1931,,,248,44,https://search.archives.nat.tn/fr/ANTthekira/Lecteur_des_archives/La%20Tunisie%20Medicale-1931#page/248/mode/2up,
Before_1956,1931,,,259,45,https://search.archives.nat.tn/fr/ANTthekira/Lecteur_des_archives/La%20Tunisie%20Medicale-1931#page/259/mode/2up,
Before_1956,1931,,,268,46,https://search.archives.nat.tn/fr/ANTthekira/Lecteur_des_archives/La%20Tunisie%20Medicale-1931#page/268/mode/2up,
Before_1956,1931,,,274,47,https://search.archives.nat.tn/fr/ANTthekira/Lecteur_des_archives/La%20Tunisie%20Medicale-1931#page/274/mode/2up,
Before_1956,1931,,,281,48,https://search.archives.nat.tn/fr/ANTthekira/Lecteur_des_archives/La%20Tunisie%20Medicale-1931#page/281/mode/2up,
Before_1956,1931,,,287,49,https://search.archives.nat.tn/fr/ANTthekira/Lecteur_des_archives/La%20Tunisie%20Medicale-1931#page/287/mode/2up,
Before_1956,1931,,,297,50,https://search.archives.nat.tn/fr/ANTthekira/Lecteur_des_archives/La%20Tunisie%20Medicale-1931#page/297/mode/2up,
Before_1956,1931,,,304,51,https://search.archives.nat.tn/fr/ANTthekira/Lecteur_des_archives/La%20Tunisie%20Medicale-1931#page/304/mode/2up,
Before_1956,1931,,,315,52,https://search.archives.nat.tn/fr/ANTthekira/Lecteur_des_archives/La%20Tunisie%20Medicale-1931#page/315/mode/2up,
Before_1956,1931,,,322,53,https://search.archives.nat.tn/fr/ANTthekira/Lecteur_des_archives/La%20Tunisie%20Medicale-1931#page/322/mode/2up,
Before_1956,1931,,,330,54,https://search.archives.nat.tn/fr/ANTthekira/Lecteur_des_archives/La%20Tunisie%20Medicale-1931#page/330/mode/2up,
Before_1956,1931,,,341,55,https://search.archives.nat.tn/fr/ANTthekira/Lecteur_des_archives/La%20Tunisie%20Medicale-1931#page/341/mode/2up,
Before_1956,1931,,,366,56,https://search.archives.nat.tn/fr/ANTthekira/Lecteur_des_archives/La%20Tunisie%20Medicale-1931#page/366/mode/2up,
Before_1956,1931,,,367,57,https://search.archives.nat.tn/fr/ANTthekira/Lecteur_des_archives/La%20Tunisie%20Medicale-1931#page/367/mode/2up,
Before_1956,1931,,,369,58,https://search.archives.nat.tn/fr/ANTthekira/Lecteur_des_archives/La%20Tunisie%20Medicale-1931#page/369/mode/2up,
Before_1956,1931,,,372,59,https://search.archives.nat.tn/fr/ANTthekira/Lecteur_des_archives/La%20Tunisie%20Medicale-1931#page/372/mode/2up,
Before_1956,1931,,,381,60,https://search.archives.nat.tn/fr/ANTthekira/Lecteur_des_archives/La%20Tunisie%20Medicale-1931#page/381/mode/2up,
Before_1956,1931,,,382,61,https://search.archives.nat.tn/fr/ANTthekira/Lecteur_des_archives/La%20Tunisie%20Medicale-1931#page/382/mode/2up,
Before_1956,1931,,,383,62,https://search.archives.nat.tn/fr/ANTthekira/Lecteur_des_archives/La%20Tunisie%20Medicale-1931#page/383/mode/2up,
Before_1956,1931,,,383,63,https://search.archives.nat.tn/fr/ANTthekira/Lecteur_des_archives/La%20Tunisie%20Medicale-1931#page/383/mode/2up,
Before_1956,1931,,,384,64,https://search.archives.nat.tn/fr/ANTthekira/Lecteur_des_archives/La%20Tunisie%20Medicale-1931#page/384/mode/2up,
Before_1956,1931,,,384,65,https://search.archives.nat.tn/fr/ANTthekira/Lecteur_des_archives/La%20Tunisie%20Medicale-1931#page/384/mode/2up,
Before_1956,1931,,,389,66,https://search.archives.nat.tn/fr/ANTthekira/Lecteur_des_archives/La%20Tunisie%20Medicale-1931#page/389/mode/2up,
Before_1956,1931,,,399,67,https://search.archives.nat.tn/fr/ANTthekira/Lecteur_des_archives/La%20Tunisie%20Medicale-1931#page/399/mode/2up,
Before_1956,1931,,,403,68,https://search.archives.nat.tn/fr/ANTthekira/Lecteur_des_archives/La%20Tunisie%20Medicale-1931#page/403/mode/2up,
Before_1956,1931,,,406,69,https://search.archives.nat.tn/fr/ANTthekira/Lecteur_des_archives/La%20Tunisie%20Medicale-1931#page/406/mode/2up,
Before_1956,1931,,,409,70,https://search.archives.nat.tn/fr/ANTthekira/Lecteur_des_archives/La%20Tunisie%20Medicale-1931#page/409/mode/2up,
Before_1956,1931,,,412,71,https://search.archives.nat.tn/fr/ANTthekira/Lecteur_des_archives/La%20Tunisie%20Medicale-1931#page/412/mode/2up,
Before_1956,1931,,,412,72,https://search.archives.nat.tn/fr/ANTthekira/Lecteur_des_archives/La%20Tunisie%20Medicale-1931#page/412/mode/2up,
Before_1956,1931,,,413,73,https://search.archives.nat.tn/fr/ANTthekira/Lecteur_des_archives/La%20Tunisie%20Medicale-1931#page/413/mode/2up,
Before_1956,1931,,,425,74,https://search.archives.nat.tn/fr/ANTthekira/Lecteur_des_archives/La%20Tunisie%20Medicale-1931#page/425/mode/2up,
Before_1956,1931,,,426,75,https://search.archives.nat.tn/fr/ANTthekira/Lecteur_des_archives/La%20Tunisie%20Medicale-1931#page/426/mode/2up,
Before_1956,1931,,,427,76,https://search.archives.nat.tn/fr/ANTthekira/Lecteur_des_archives/La%20Tunisie%20Medicale-1931#page/427/mode/2up,
Before_1956,1931,,,427,77,https://search.archives.nat.tn/fr/ANTthekira/Lecteur_des_archives/La%20Tunisie%20Medicale-1931#page/427/mode/2up,
Before_1956,1931,,,429,78,https://search.archives.nat.tn/fr/ANTthekira/Lecteur_des_archives/La%20Tunisie%20Medicale-1931#page/429/mode/2up,
Before_1956,1931,,,438,79,https://search.archives.nat.tn/fr/ANTthekira/Lecteur_des_archives/La%20Tunisie%20Medicale-1931#page/438/mode/2up,
Before_1956,1931,,,442,80,https://search.archives.nat.tn/fr/ANTthekira/Lecteur_des_archives/La%20Tunisie%20Medicale-1931#page/442/mode/2up,
Before_1956,1931,,,446,81,https://search.archives.nat.tn/fr/ANTthekira/Lecteur_des_archives/La%20Tunisie%20Medicale-1931#page/446/mode/2up,
Before_1956,1931,,,449,82,https://search.archives.nat.tn/fr/ANTthekira/Lecteur_des_archives/La%20Tunisie%20Medicale-1931#page/449/mode/2up,
Before_1956,1931,,,451,83,https://search.archives.nat.tn/fr/ANTthekira/Lecteur_des_archives/La%20Tunisie%20Medicale-1931#page/451/mode/2up,
Before_1956,1931,,,451,84,https://search.archives.nat.tn/fr/ANTthekira/Lecteur_des_archives/La%20Tunisie%20Medicale-1931#page/451/mode/2up,
Before_1956,1931,,,473,85,https://search.archives.nat.tn/fr/ANTthekira/Lecteur_des_archives/La%20Tunisie%20Medicale-1931#page/473/mode/2up,
Before_1956,1931,,,484,86,https://search.archives.nat.tn/fr/ANTthekira/Lecteur_des_archives/La%20Tunisie%20Medicale-1931#page/484/mode/2up,
Before_1956,1931,,,486,87,https://search.archives.nat.tn/fr/ANTthekira/Lecteur_des_archives/La%20Tunisie%20Medicale-1931#page/486/mode/2up,
Before_1956,1931,,,490,88,https://search.archives.nat.tn/fr/ANTthekira/Lecteur_des_archives/La%20Tunisie%20Medicale-1931#page/490/mode/2up,
Before_1956,1931,,,496,89,https://search.archives.nat.tn/fr/ANTthekira/Lecteur_des_archives/La%20Tunisie%20Medicale-1931#page/496/mode/2up,
Before_1956,1931,,,529,90,https://search.archives.nat.tn/fr/ANTthekira/Lecteur_des_archives/La%20Tunisie%20Medicale-1931#page/529/mode/2up,
Before_1956,1931,,,532,91,https://search.archives.nat.tn/fr/ANTthekira/Lecteur_des_archives/La%20Tunisie%20Medicale-1931#page/532/mode/2up,
Before_1956,1931,,,536,92,https://search.archives.nat.tn/fr/ANTthekira/Lecteur_des_archives/La%20Tunisie%20Medicale-1931#page/536/mode/2up,
Before_1956,1931,,,539,93,https://search.archives.nat.tn/fr/ANTthekira/Lecteur_des_archives/La%20Tunisie%20Medicale-1931#page/539/mode/2up,
Before_1956,1931,,,542,94,https://search.archives.nat.tn/fr/ANTthekira/Lecteur_des_archives/La%20Tunisie%20Medicale-1931#page/542/mode/2up,
Before_1956,1931,,,546,95,https://search.archives.nat.tn/fr/ANTthekira/Lecteur_des_archives/La%20Tunisie%20Medicale-1931#page/546/mode/2up,
Before_1956,1931,,,552,96,https://search.archives.nat.tn/fr/ANTthekira/Lecteur_des_archives/La%20Tunisie%20Medicale-1931#page/552/mode/2up,
Before_1956,1931,,,553,97,https://search.archives.nat.tn/fr/ANTthekira/Lecteur_des_archives/La%20Tunisie%20Medicale-1931#page/553/mode/2up,
Before_1956,1931,,,556,98,https://search.archives.nat.tn/fr/ANTthekira/Lecteur_des_archives/La%20Tunisie%20Medicale-1931#page/556/mode/2up,
Before_1956,1931,,,556,99,https://search.archives.nat.tn/fr/ANTthekira/Lecteur_des_archives/La%20Tunisie%20Medicale-1931#page/556/mode/2up,
Before_1956,1931,,,557,100,https://search.archives.nat.tn/fr/ANTthekira/Lecteur_des_archives/La%20Tunisie%20Medicale-1931#page/557/mode/2up,
Before_1956,1931,,,557,101,https://search.archives.nat.tn/fr/ANTthekira/Lecteur_des_archives/La%20Tunisie%20Medicale-1931#page/557/mode/2up,
Before_1956,1931,,,559,102,https://search.archives.nat.tn/fr/ANTthekira/Lecteur_des_archives/La%20Tunisie%20Medicale-1931#page/559/mode/2up,
Before_1956,1931,,,561,103,https://search.archives.nat.tn/fr/ANTthekira/Lecteur_des_archives/La%20Tunisie%20Medicale-1931#page/561/mode/2up,
Before_1956,1931,,,561,104,https://search.archives.nat.tn/fr/ANTthekira/Lecteur_des_archives/La%20Tunisie%20Medicale-1931#page/561/mode/2up,
Before_1956,1931,,,562,105,https://search.archives.nat.tn/fr/ANTthekira/Lecteur_des_archives/La%20Tunisie%20Medicale-1931#page/562/mode/2up,
Before_1956,1931,,,564,106,https://search.archives.nat.tn/fr/ANTthekira/Lecteur_des_archives/La%20Tunisie%20Medicale-1931#page/564/mode/2up,
Before_1956,1931,,,565,107,https://search.archives.nat.tn/fr/ANTthekira/Lecteur_des_archives/La%20Tunisie%20Medicale-1931#page/565/mode/2up,
Before_1956,1931,,,567,108,https://search.archives.nat.tn/fr/ANTthekira/Lecteur_des_archives/La%20Tunisie%20Medicale-1931#page/567/mode/2up,
Before_1956,1931,,,577,109,https://search.archives.nat.tn/fr/ANTthekira/Lecteur_des_archives/La%20Tunisie%20Medicale-1931#page/577/mode/2up,
Before_1956,1931,,,581,110,https://search.archives.nat.tn/fr/ANTthekira/Lecteur_des_archives/La%20Tunisie%20Medicale-1931#page/581/mode/2up,
Before_1956,1931,,,582,111,https://search.archives.nat.tn/fr/ANTthekira/Lecteur_des_archives/La%20Tunisie%20Medicale-1931#page/582/mode/2up,
Before_1956,1931,,,583,112,https://search.archives.nat.tn/fr/ANTthekira/Lecteur_des_archives/La%20Tunisie%20Medicale-1931#page/583/mode/2up,
Before_1956,1931,,,587,113,https://search.archives.nat.tn/fr/ANTthekira/Lecteur_des_archives/La%20Tunisie%20Medicale-1931#page/587/mode/2up,
Before_1956,1931,,,589,114,https://search.archives.nat.tn/fr/ANTthekira/Lecteur_des_archives/La%20Tunisie%20Medicale-1931#page/589/mode/2up,
Before_1956,1931,,,593,115,https://search.archives.nat.tn/fr/ANTthekira/Lecteur_des_archives/La%20Tunisie%20Medicale-1931#page/593/mode/2up,
Before_1956,1931,,,603,116,https://search.archives.nat.tn/fr/ANTthekira/Lecteur_des_archives/La%20Tunisie%20Medicale-1931#page/603/mode/2up,
Before_1956,1931,,,612,117,https://search.archives.nat.tn/fr/ANTthekira/Lecteur_des_archives/La%20Tunisie%20Medicale-1931#page/612/mode/2up,
Before_1956,1931,,,618,118,https://search.archives.nat.tn/fr/ANTthekira/Lecteur_des_archives/La%20Tunisie%20Medicale-1931#page/618/mode/2up,
Before_1956,1931,,,618,119,https://search.archives.nat.tn/fr/ANTthekira/Lecteur_des_archives/La%20Tunisie%20Medicale-1931#page/618/mode/2up,
Before_1956,1931,,,619,120,https://search.archives.nat.tn/fr/ANTthekira/Lecteur_des_archives/La%20Tunisie%20Medicale-1931#page/619/mode/2up,
Before_1956,1929,,,1,1,https://search.archives.nat.tn/fr/ANTthekira/Lecteur_des_archives/La%20Tunisie%20Medicale-1929#page/1/mode/2up,
Before_1956,1929,,,5,2,https://search.archives.nat.tn/fr/ANTthekira/Lecteur_des_archives/La%20Tunisie%20Medicale-1929#page/5/mode/2up,
Before_1956,1929,,,14,3,https://search.archives.nat.tn/fr/ANTthekira/Lecteur_des_archives/La%20Tunisie%20Medicale-1929#page/14/mode/2up,
Before_1956,1929,,,24,4,https://search.archives.nat.tn/fr/ANTthekira/Lecteur_des_archives/La%20Tunisie%20Medicale-1929#page/24/mode/2up,
Before_1956,1929,,,32,5,https://search.archives.nat.tn/fr/ANTthekira/Lecteur_des_archives/La%20Tunisie%20Medicale-1929#page/32/mode/2up,
Before_1956,1929,,,35,6,https://search.archives.nat.tn/fr/ANTthekira/Lecteur_des_archives/La%20Tunisie%20Medicale-1929#page/35/mode/2up,
Before_1956,1929,,,41,7,https://search.archives.nat.tn/fr/ANTthekira/Lecteur_des_archives/La%20Tunisie%20Medicale-1929#page/41/mode/2up,
Before_1956,1929,,,52,8,https://search.archives.nat.tn/fr/ANTthekira/Lecteur_des_archives/La%20Tunisie%20Medicale-1929#page/52/mode/2up,
Before_1956,1929,,,57,9,https://search.archives.nat.tn/fr/ANTthekira/Lecteur_des_archives/La%20Tunisie%20Medicale-1929#page/57/mode/2up,
Before_1956,1929,,,62,10,https://search.archives.nat.tn/fr/ANTthekira/Lecteur_des_archives/La%20Tunisie%20Medicale-1929#page/62/mode/2up,
Before_1956,1929,,,66,11,https://search.archives.nat.tn/fr/ANTthekira/Lecteur_des_archives/La%20Tunisie%20Medicale-1929#page/66/mode/2up,
Before_1956,1929,,,69,12,https://search.archives.nat.tn/fr/ANTthekira/Lecteur_des_archives/La%20Tunisie%20Medicale-1929#page/69/mode/2up,
Before_1956,1929,,,73,13,https://search.archives.nat.tn/fr/ANTthekira/Lecteur_des_archives/La%20Tunisie%20Medicale-1929#page/73/mode/2up,
Before_1956,1929,,,81,14,https://search.archives.nat.tn/fr/ANTthekira/Lecteur_des_archives/La%20Tunisie%20Medicale-1929#page/81/mode/2up,
Before_1956,1929,,,97,15,https://search.archives.nat.tn/fr/ANTthekira/Lecteur_des_archives/La%20Tunisie%20Medicale-1929#page/97/mode/2up,
Before_1956,1929,,,103,16,https://search.archives.nat.tn/fr/ANTthekira/Lecteur_des_archives/La%20Tunisie%20Medicale-1929#page/103/mode/2up,
Before_1956,1929,,,106,17,https://search.archives.nat.tn/fr/ANTthekira/Lecteur_des_archives/La%20Tunisie%20Medicale-1929#page/106/mode/2up,
Before_1956,1929,,,112,18,https://search.archives.nat.tn/fr/ANTthekira/Lecteur_des_archives/La%20Tunisie%20Medicale-1929#page/112/mode/2up,
Before_1956,1929,,,114,19,https://search.archives.nat.tn/fr/ANTthekira/Lecteur_des_archives/La%20Tunisie%20Medicale-1929#page/114/mode/2up,
Before_1956,1929,,,115,20,https://search.archives.nat.tn/fr/ANTthekira/Lecteur_des_archives/La%20Tunisie%20Medicale-1929#page/115/mode/2up,
Before_1956,1929,,,116,21,https://search.archives.nat.tn/fr/ANTthekira/Lecteur_des_archives/La%20Tunisie%20Medicale-1929#page/116/mode/2up,
Before_1956,1929,,,118,22,https://search.archives.nat.tn/fr/ANTthekira/Lecteur_des_archives/La%20Tunisie%20Medicale-1929#page/118/mode/2up,
Before_1956,1929,,,125,23,https://search.archives.nat.tn/fr/ANTthekira/Lecteur_des_archives/La%20Tunisie%20Medicale-1929#page/125/mode/2up,
Before_1956,1929,,,131,24,https://search.archives.nat.tn/fr/ANTthekira/Lecteur_des_archives/La%20Tunisie%20Medicale-1929#page/131/mode/2up,
Before_1956,1929,,,136,25,https://search.archives.nat.tn/fr/ANTthekira/Lecteur_des_archives/La%20Tunisie%20Medicale-1929#page/136/mode/2up,
Before_1956,1929,,,145,26,https://search.archives.nat.tn/fr/ANTthekira/Lecteur_des_archives/La%20Tunisie%20Medicale-1929#page/145/mode/2up,
Before_1956,1929,,,165,27,https://search.archives.nat.tn/fr/ANTthekira/Lecteur_des_archives/La%20Tunisie%20Medicale-1929#page/165/mode/2up,
Before_1956,1929,,,170,28,https://search.archives.nat.tn/fr/ANTthekira/Lecteur_des_archives/La%20Tunisie%20Medicale-1929#page/170/mode/2up,
Before_1956,1929,,,176,29,https://search.archives.nat.tn/fr/ANTthekira/Lecteur_des_archives/La%20Tunisie%20Medicale-1929#page/176/mode/2up,
Before_1956,1929,,,179,30,https://search.archives.nat.tn/fr/ANTthekira/Lecteur_des_archives/La%20Tunisie%20Medicale-1929#page/179/mode/2up,
Before_1956,1929,,,189,31,https://search.archives.nat.tn/fr/ANTthekira/Lecteur_des_archives/La%20Tunisie%20Medicale-1929#page/189/mode/2up,
Before_1956,1929,,,195,32,https://search.archives.nat.tn/fr/ANTthekira/Lecteur_des_archives/La%20Tunisie%20Medicale-1929#page/195/mode/2up,
Before_1956,1929,,,197,33,https://search.archives.nat.tn/fr/ANTthekira/Lecteur_des_archives/La%20Tunisie%20Medicale-1929#page/197/mode/2up,
Before_1956,1929,,,218,34,https://search.archives.nat.tn/fr/ANTthekira/Lecteur_des_archives/La%20Tunisie%20Medicale-1929#page/218/mode/2up,
Before_1956,1929,,,231,35,https://search.archives.nat.tn/fr/ANTthekira/Lecteur_des_archives/La%20Tunisie%20Medicale-1929#page/231/mode/2up,
Before_1956,1929,,,235,36,https://search.archives.nat.tn/fr/ANTthekira/Lecteur_des_archives/La%20Tunisie%20Medicale-1929#page/235/mode/2up,
Before_1956,1929,,,237,37,https://search.archives.nat.tn/fr/ANTthekira/Lecteur_des_archives/La%20Tunisie%20Medicale-1929#page/237/mode/2up,
Before_1956,1929,,,241,38,https://search.archives.nat.tn/fr/ANTthekira/Lecteur_des_archives/La%20Tunisie%20Medicale-1929#page/241/mode/2up,
Before_1956,1929,,,245,39,https://search.archives.nat.tn/fr/ANTthekira/Lecteur_des_archives/La%20Tunisie%20Medicale-1929#page/245/mode/2up,
Before_1956,1929,,,248,40,https://search.archives.nat.tn/fr/ANTthekira/Lecteur_des_archives/La%20Tunisie%20Medicale-1929#page/248/mode/2up,
Before_1956,1929,,,252,41,https://search.archives.nat.tn/fr/ANTthekira/Lecteur_des_archives/La%20Tunisie%20Medicale-1929#page/252/mode/2up,
Before_1956,1929,,,258,42,https://search.archives.nat.tn/fr/ANTthekira/Lecteur_des_archives/La%20Tunisie%20Medicale-1929#page/258/mode/2up,
Before_1956,1929,,,260,43,https://search.archives.nat.tn/fr/ANTthekira/Lecteur_des_archives/La%20Tunisie%20Medicale-1929#page/260/mode/2up,
Before_1956,1929,,,262,44,https://search.archives.nat.tn/fr/ANTthekira/Lecteur_des_archives/La%20Tunisie%20Medicale-1929#page/262/mode/2up,
Before_1956,1929,,,277,45,https://search.archives.nat.tn/fr/ANTthekira/Lecteur_des_archives/La%20Tunisie%20Medicale-1929#page/277/mode/2up,
Before_1956,1929,,,280,46,https://search.archives.nat.tn/fr/ANTthekira/Lecteur_des_archives/La%20Tunisie%20Medicale-1929#page/280/mode/2up,
Before_1956,1929,,,303,47,https://search.archives.nat.tn/fr/ANTthekira/Lecteur_des_archives/La%20Tunisie%20Medicale-1929#page/303/mode/2up,
Before_1956,1929,,,305,48,https://search.archives.nat.tn/fr/ANTthekira/Lecteur_des_archives/La%20Tunisie%20Medicale-1929#page/305/mode/2up,
Before_1956,1929,,,308,49,https://search.archives.nat.tn/fr/ANTthekira/Lecteur_des_archives/La%20Tunisie%20Medicale-1929#page/308/mode/2up,
Before_1956,1929,,,310,50,https://search.archives.nat.tn/fr/ANTthekira/Lecteur_des_archives/La%20Tunisie%20Medicale-1929#page/310/mode/2up,
Before_1956,1929,,,313,51,https://search.archives.nat.tn/fr/ANTthekira/Lecteur_des_archives/La%20Tunisie%20Medicale-1929#page/313/mode/2up,
Before_1956,1929,,,317,52,https://search.archives.nat.tn/fr/ANTthekira/Lecteur_des_archives/La%20Tunisie%20Medicale-1929#page/317/mode/2up,
Before_1956,1929,,,324,53,https://search.archives.nat.tn/fr/ANTthekira/Lecteur_des_archives/La%20Tunisie%20Medicale-1929#page/324/mode/2up,
Before_1956,1929,,,328,54,https://search.archives.nat.tn/fr/ANTthekira/Lecteur_des_archives/La%20Tunisie%20Medicale-1929#page/328/mode/2up,
Before_1956,1929,,,331,55,https://search.archives.nat.tn/fr/ANTthekira/Lecteur_des_archives/La%20Tunisie%20Medicale-1929#page/331/mode/2up,
Before_1956,1929,,,334,56,https://search.archives.nat.tn/fr/ANTthekira/Lecteur_des_archives/La%20Tunisie%20Medicale-1929#page/334/mode/2up,
Before_1956,1929,,,338,57,https://search.archives.nat.tn/fr/ANTthekira/Lecteur_des_archives/La%20Tunisie%20Medicale-1929#page/338/mode/2up,
Before_1956,1929,,,340,58,https://search.archives.nat.tn/fr/ANTthekira/Lecteur_des_archives/La%20Tunisie%20Medicale-1929#page/340/mode/2up,
Before_1956,1929,,,344,59,https://search.archives.nat.tn/fr/ANTthekira/Lecteur_des_archives/La%20Tunisie%20Medicale-1929#page/344/mode/2up,
Before_1956,1929,,,348,60,https://search.archives.nat.tn/fr/ANTthekira/Lecteur_des_archives/La%20Tunisie%20Medicale-1929#page/348/mode/2up,
Before_1956,1929,,,353,61,https://search.archives.nat.tn/fr/ANTthekira/Lecteur_des_archives/La%20Tunisie%20Medicale-1929#page/353/mode/2up,
Before_1956,1929,,,359,62,https://search.archives.nat.tn/fr/ANTthekira/Lecteur_des_archives/La%20Tunisie%20Medicale-1929#page/359/mode/2up,
Before_1956,1929,,,367,63,https://search.archives.nat.tn/fr/ANTthekira/Lecteur_des_archives/La%20Tunisie%20Medicale-1929#page/367/mode/2up,
Before_1956,1929,,,369,64,https://search.archives.nat.tn/fr/ANTthekira/Lecteur_des_archives/La%20Tunisie%20Medicale-1929#page/369/mode/2up,
Before_1956,1929,,,371,65,https://search.archives.nat.tn/fr/ANTthekira/Lecteur_des_archives/La%20Tunisie%20Medicale-1929#page/371/mode/2up,
Before_1956,1929,,,372,66,https://search.archives.nat.tn/fr/ANTthekira/Lecteur_des_archives/La%20Tunisie%20Medicale-1929#page/372/mode/2up,
Before_1956,1929,,,374,67,https://search.archives.nat.tn/fr/ANTthekira/Lecteur_des_archives/La%20Tunisie%20Medicale-1929#page/374/mode/2up,
Before_1956,1929,,,375,68,https://search.archives.nat.tn/fr/ANTthekira/Lecteur_des_archives/La%20Tunisie%20Medicale-1929#page/375/mode/2up,
Before_1956,1929,,,378,69,https://search.archives.nat.tn/fr/ANTthekira/Lecteur_des_archives/La%20Tunisie%20Medicale-1929#page/378/mode/2up,
Before_1956,1929,,,382,70,https://search.archives.nat.tn/fr/ANTthekira/Lecteur_des_archives/La%20Tunisie%20Medicale-1929#page/382/mode/2up,
Before_1956,1928,6,2,2,1,https://search.archives.nat.tn/fr/ANTthekira/Lecteur_des_archives/La%20Tunisie%20Medicale-1928#page/2/mode/2up,
Before_1956,1928,6,3,7,2,https://search.archives.nat.tn/fr/ANTthekira/Lecteur_des_archives/La%20Tunisie%20Medicale-1928#page/7/mode/2up,
Before_1956,1928,6,4,16,3,https://search.archives.nat.tn/fr/ANTthekira/Lecteur_des_archives/La%20Tunisie%20Medicale-1928#page/16/mode/2up,
Before_1956,1928,6,5,17,4,https://search.archives.nat.tn/fr/ANTthekira/Lecteur_des_archives/La%20Tunisie%20Medicale-1928#page/17/mode/2up,
Before_1956,1928,6,6,19,5,https://search.archives.nat.tn/fr/ANTthekira/Lecteur_des_archives/La%20Tunisie%20Medicale-1928#page/19/mode/2up,
Before_1956,1928,6,1,21,6,https://search.archives.nat.tn/fr/ANTthekira/Lecteur_des_archives/La%20Tunisie%20Medicale-1928#page/21/mode/2up,
Before_1956,1928,6,2,22,7,https://search.archives.nat.tn/fr/ANTthekira/Lecteur_des_archives/La%20Tunisie%20Medicale-1928#page/22/mode/2up,
Before_1956,1928,6,3,26,8,https://search.archives.nat.tn/fr/ANTthekira/Lecteur_des_archives/La%20Tunisie%20Medicale-1928#page/26/mode/2up,
Before_1956,1928,6,4,27,9,https://search.archives.nat.tn/fr/ANTthekira/Lecteur_des_archives/La%20Tunisie%20Medicale-1928#page/27/mode/2up,
Before_1956,1928,6,5,30,10,https://search.archives.nat.tn/fr/ANTthekira/Lecteur_des_archives/La%20Tunisie%20Medicale-1928#page/30/mode/2up,
Before_1956,1928,6,6,32,11,https://search.archives.nat.tn/fr/ANTthekira/Lecteur_des_archives/La%20Tunisie%20Medicale-1928#page/32/mode/2up,
Before_1956,1928,6,1,33,12,https://search.archives.nat.tn/fr/ANTthekira/Lecteur_des_archives/La%20Tunisie%20Medicale-1928#page/33/mode/2up,
Before_1956,1928,,,36,13,https://search.archives.nat.tn/fr/ANTthekira/Lecteur_des_archives/La%20Tunisie%20Medicale-1928#page/36/mode/2up,
Before_1956,1928,,,39,14,https://search.archives.nat.tn/fr/ANTthekira/Lecteur_des_archives/La%20Tunisie%20Medicale-1928#page/39/mode/2up,
Before_1956,1928,,,42,15,https://search.archives.nat.tn/fr/ANTthekira/Lecteur_des_archives/La%20Tunisie%20Medicale-1928#page/42/mode/2up,
Before_1956,1928,,,50,16,https://search.archives.nat.tn/fr/ANTthekira/Lecteur_des_archives/La%20Tunisie%20Medicale-1928#page/50/mode/2up,
Before_1956,1928,,,58,17,https://search.archives.nat.tn/fr/ANTthekira/Lecteur_des_archives/La%20Tunisie%20Medicale-1928#page/58/mode/2up,
Before_1956,1928,,,70,18,https://search.archives.nat.tn/fr/ANTthekira/Lecteur_des_archives/La%20Tunisie%20Medicale-1928#page/70/mode/2up,
Before_1956,1928,,,76,19,https://search.archives.nat.tn/fr/ANTthekira/Lecteur_des_archives/La%20Tunisie%20Medicale-1928#page/76/mode/2up,
Before_1956,1928,,,94,20,https://search.archives.nat.tn/fr/ANTthekira/Lecteur_des_archives/La%20Tunisie%20Medicale-1928#page/94/mode/2up,
Before_1956,1928,,,101,21,https://search.archives.nat.tn/fr/ANTthekira/Lecteur_des_archives/La%20Tunisie%20Medicale-1928#page/101/mode/2up,
Before_1956,1928,,,103,22,https://search.archives.nat.tn/fr/ANTthekira/Lecteur_des_archives/La%20Tunisie%20Medicale-1928#page/103/mode/2up,
Before_1956,1928,,,111,23,https://search.archives.nat.tn/fr/ANTthekira/Lecteur_des_archives/La%20Tunisie%20Medicale-1928#page/111/mode/2up,
Before_1956,1928,,,121,24,https://search.archives.nat.tn/fr/ANTthekira/Lecteur_des_archives/La%20Tunisie%20Medicale-1928#page/121/mode/2up,
Before_1956,1928,,,126,25,https://search.archives.nat.tn/fr/ANTthekira/Lecteur_des_archives/La%20Tunisie%20Medicale-1928#page/126/mode/2up,
Before_1956,1928,,,158,26,https://search.archives.nat.tn/fr/ANTthekira/Lecteur_des_archives/La%20Tunisie%20Medicale-1928#page/158/mode/2up,
Before_1956,1928,,,164,27,https://search.archives.nat.tn/fr/ANTthekira/Lecteur_des_archives/La%20Tunisie%20Medicale-1928#page/164/mode/2up,
Before_1956,1928,,,165,28,https://search.archives.nat.tn/fr/ANTthekira/Lecteur_des_archives/La%20Tunisie%20Medicale-1928#page/165/mode/2up,
Before_1956,1928,,,166,29,https://search.archives.nat.tn/fr/ANTthekira/Lecteur_des_archives/La%20Tunisie%20Medicale-1928#page/166/mode/2up,
Before_1956,1928,,,167,30,https://search.archives.nat.tn/fr/ANTthekira/Lecteur_des_archives/La%20Tunisie%20Medicale-1928#page/167/mode/2up,
Before_1956,1928,,,173,31,https://search.archives.nat.tn/fr/ANTthekira/Lecteur_des_archives/La%20Tunisie%20Medicale-1928#page/173/mode/2up,
Before_1956,1928,,,176,32,https://search.archives.nat.tn/fr/ANTthekira/Lecteur_des_archives/La%20Tunisie%20Medicale-1928#page/176/mode/2up,
Before_1956,1928,,,182,33,https://search.archives.nat.tn/fr/ANTthekira/Lecteur_des_archives/La%20Tunisie%20Medicale-1928#page/182/mode/2up,
Before_1956,1928,,,187,34,https://search.archives.nat.tn/fr/ANTthekira/Lecteur_des_archives/La%20Tunisie%20Medicale-1928#page/187/mode/2up,
Before_1956,1928,,,193,35,https://search.archives.nat.tn/fr/ANTthekira/Lecteur_des_archives/La%20Tunisie%20Medicale-1928#page/193/mode/2up,
Before_1956,1928,,,198,36,https://search.archives.nat.tn/fr/ANTthekira/Lecteur_des_archives/La%20Tunisie%20Medicale-1928#page/198/mode/2up,
Before_1956,1928,,,206,37,https://search.archives.nat.tn/fr/ANTthekira/Lecteur_des_archives/La%20Tunisie%20Medicale-1928#page/206/mode/2up,
Before_1956,1928,,,214,38,https://search.archives.nat.tn/fr/ANTthekira/Lecteur_des_archives/La%20Tunisie%20Medicale-1928#page/214/mode/2up,
Before_1956,1928,,,228,39,https://search.archives.nat.tn/fr/ANTthekira/Lecteur_des_archives/La%20Tunisie%20Medicale-1928#page/228/mode/2up,
Before_1956,1928,,,233,40,https://search.archives.nat.tn/fr/ANTthekira/Lecteur_des_archives/La%20Tunisie%20Medicale-1928#page/233/mode/2up,
Before_1956,1928,,,242,41,https://search.archives.nat.tn/fr/ANTthekira/Lecteur_des_archives/La%20Tunisie%20Medicale-1928#page/242/mode/2up,
Before_1956,1928,,,246,42,https://search.archives.nat.tn/fr/ANTthekira/Lecteur_des_archives/La%20Tunisie%20Medicale-1928#page/246/mode/2up,
Before_1956,1928,,,250,43,https://search.archives.nat.tn/fr/ANTthekira/Lecteur_des_archives/La%20Tunisie%20Medicale-1928#page/250/mode/2up,
Before_1956,1928,,,255,44,https://search.archives.nat.tn/fr/ANTthekira/Lecteur_des_archives/La%20Tunisie%20Medicale-1928#page/255/mode/2up,
Before_1956,1928,,,260,45,https://search.archives.nat.tn/fr/ANTthekira/Lecteur_des_archives/La%20Tunisie%20Medicale-1928#page/260/mode/2up,
Before_1956,1928,,,270,46,https://search.archives.nat.tn/fr/ANTthekira/Lecteur_des_archives/La%20Tunisie%20Medicale-1928#page/270/mode/2up,
Before_1956,1928,,,278,47,https://search.archives.nat.tn/fr/ANTthekira/Lecteur_des_archives/La%20Tunisie%20Medicale-1928#page/278/mode/2up,
Before_1956,1928,,,283,48,https://search.archives.nat.tn/fr/ANTthekira/Lecteur_des_archives/La%20Tunisie%20Medicale-1928#page/283/mode/2up,
Before_1956,1928,,,294,49,https://search.archives.nat.tn/fr/ANTthekira/Lecteur_des_archives/La%20Tunisie%20Medicale-1928#page/294/mode/2up,
Before_1956,1928,,,296,50,https://search.archives.nat.tn/fr/ANTthekira/Lecteur_des_archives/La%20Tunisie%20Medicale-1928#page/296/mode/2up,
Before_1956,1928,,,298,51,https://search.archives.nat.tn/fr/ANTthekira/Lecteur_des_archives/La%20Tunisie%20Medicale-1928#page/298/mode/2up,
Before_1956,1928,,,300,52,https://search.archives.nat.tn/fr/ANTthekira/Lecteur_des_archives/La%20Tunisie%20Medicale-1928#page/300/mode/2up,
Before_1956,1928,,,308,53,https://search.archives.nat.tn/fr/ANTthekira/Lecteur_des_archives/La%20Tunisie%20Medicale-1928#page/308/mode/2up,
Before_1956,1928,,,320,54,https://search.archives.nat.tn/fr/ANTthekira/Lecteur_des_archives/La%20Tunisie%20Medicale-1928#page/320/mode/2up,
Before_1956,1928,,,328,55,https://search.archives.nat.tn/fr/ANTthekira/Lecteur_des_archives/La%20Tunisie%20Medicale-1928#page/328/mode/2up,
Before_1956,1928,,,344,56,https://search.archives.nat.tn/fr/ANTthekira/Lecteur_des_archives/La%20Tunisie%20Medicale-1928#page/344/mode/2up,
Before_1956,1925,,,1,1,https://search.archives.nat.tn/fr/ANTthekira/Lecteur_des_archives/La%20Tunisie%20Medicale-1925#page/1/mode/2up,
Before_1956,1925,,,9,2,https://search.archives.nat.tn/fr/ANTthekira/Lecteur_des_archives/La%20Tunisie%20Medicale-1925#page/9/mode/2up,
Before_1956,1925,,,36,3,https://search.archives.nat.tn/fr/ANTthekira/Lecteur_des_archives/La%20Tunisie%20Medicale-1925#page/36/mode/2up,
Before_1956,1925,,,36,4,https://search.archives.nat.tn/fr/ANTthekira/Lecteur_des_archives/La%20Tunisie%20Medicale-1925#page/36/mode/2up,
Before_1956,1925,,,37,5,https://search.archives.nat.tn/fr/ANTthekira/Lecteur_des_archives/La%20Tunisie%20Medicale-1925#page/37/mode/2up,
Before_1956,1925,,,38,6,https://search.archives.nat.tn/fr/ANTthekira/Lecteur_des_archives/La%20Tunisie%20Medicale-1925#page/38/mode/2up,
Before_1956,1925,,,39,7,https://search.archives.nat.tn/fr/ANTthekira/Lecteur_des_archives/La%20Tunisie%20Medicale-1925#page/39/mode/2up,
Before_1956,1925,,,45,8,https://search.archives.nat.tn/fr/ANTthekira/Lecteur_des_archives/La%20Tunisie%20Medicale-1925#page/45/mode/2up,
Before_1956,1925,,,49,9,https://search.archives.nat.tn/fr/ANTthekira/Lecteur_des_archives/La%20Tunisie%20Medicale-1925#page/49/mode/2up,
Before_1956,1925,,,71,10,https://search.archives.nat.tn/fr/ANTthekira/Lecteur_des_archives/La%20Tunisie%20Medicale-1925#page/71/mode/2up,
Before_1956,1925,,,71,11,https://search.archives.nat.tn/fr/ANTthekira/Lecteur_des_archives/La%20Tunisie%20Medicale-1925#page/71/mode/2up,
Before_1956,1925,,,72,12,https://search.archives.nat.tn/fr/ANTthekira/Lecteur_des_archives/La%20Tunisie%20Medicale-1925#page/72/mode/2up,
Before_1956,1925,,,73,13,https://search.archives.nat.tn/fr/ANTthekira/Lecteur_des_archives/La%20Tunisie%20Medicale-1925#page/73/mode/2up,
Before_1956,1925,,,73,14,https://search.archives.nat.tn/fr/ANTthekira/Lecteur_des_archives/La%20Tunisie%20Medicale-1925#page/73/mode/2up,
Before_1956,1925,,,74,15,https://search.archives.nat.tn/fr/ANTthekira/Lecteur_des_archives/La%20Tunisie%20Medicale-1925#page/74/mode/2up,
Before_1956,1925,,,74,16,https://search.archives.nat.tn/fr/ANTthekira/Lecteur_des_archives/La%20Tunisie%20Medicale-1925#page/74/mode/2up,
Before_1956,1925,,,75,17,https://search.archives.nat.tn/fr/ANTthekira/Lecteur_des_archives/La%20Tunisie%20Medicale-1925#page/75/mode/2up,
Before_1956,1925,,,75,18,https://search.archives.nat.tn/fr/ANTthekira/Lecteur_des_archives/La%20Tunisie%20Medicale-1925#page/75/mode/2up,
Before_1956,1925,,,76,19,https://search.archives.nat.tn/fr/ANTthekira/Lecteur_des_archives/La%20Tunisie%20Medicale-1925#page/76/mode/2up,
Before_1956,1925,,,76,20,https://search.archives.nat.tn/fr/ANTthekira/Lecteur_des_archives/La%20Tunisie%20Medicale-1925#page/76/mode/2up,
Before_1956,1925,,,77,21,https://search.archives.nat.tn/fr/ANTthekira/Lecteur_des_archives/La%20Tunisie%20Medicale-1925#page/77/mode/2up,
Before_1956,1925,,,78,22,https://search.archives.nat.tn/fr/ANTthekira/Lecteur_des_archives/La%20Tunisie%20Medicale-1925#page/78/mode/2up,
Before_1956,1925,,,81,23,https://search.archives.nat.tn/fr/ANTthekira/Lecteur_des_archives/La%20Tunisie%20Medicale-1925#page/81/mode/2up,
Before_1956,1925,,,87,24,https://search.archives.nat.tn/fr/ANTthekira/Lecteur_des_archives/La%20Tunisie%20Medicale-1925#page/87/mode/2up,
Before_1956,1925,,,113,25,https://search.archives.nat.tn/fr/ANTthekira/Lecteur_des_archives/La%20Tunisie%20Medicale-1925#page/113/mode/2up,
Before_1956,1925,,,116,26,https://search.archives.nat.tn/fr/ANTthekira/Lecteur_des_archives/La%20Tunisie%20Medicale-1925#page/116/mode/2up,
Before_1956,1925,,,117,27,https://search.archives.nat.tn/fr/ANTthekira/Lecteur_des_archives/La%20Tunisie%20Medicale-1925#page/117/mode/2up,
Before_1956,1925,,,117,28,https://search.archives.nat.tn/fr/ANTthekira/Lecteur_des_archives/La%20Tunisie%20Medicale-1925#page/117/mode/2up,
Before_1956,1925,,,118,29,https://search.archives.nat.tn/fr/ANTthekira/Lecteur_des_archives/La%20Tunisie%20Medicale-1925#page/118/mode/2up,
Before_1956,1925,,,118,30,https://search.archives.nat.tn/fr/ANTthekira/Lecteur_des_archives/La%20Tunisie%20Medicale-1925#page/118/mode/2up,
Before_1956,1925,,,119,31,https://search.archives.nat.tn/fr/ANTthekira/Lecteur_des_archives/La%20Tunisie%20Medicale-1925#page/119/mode/2up,
Before_1956,1925,,,120,32,https://search.archives.nat.tn/fr/ANTthekira/Lecteur_des_archives/La%20Tunisie%20Medicale-1925#page/120/mode/2up,
Before_1956,1925,,,127,33,https://search.archives.nat.tn/fr/ANTthekira/Lecteur_des_archives/La%20Tunisie%20Medicale-1925#page/127/mode/2up,
Before_1956,1925,,,142,34,https://search.archives.nat.tn/fr/ANTthekira/Lecteur_des_archives/La%20Tunisie%20Medicale-1925#page/142/mode/2up,
Before_1956,1925,,,155,35,https://search.archives.nat.tn/fr/ANTthekira/Lecteur_des_archives/La%20Tunisie%20Medicale-1925#page/155/mode/2up,
Before_1956,1925,,,155,36,https://search.archives.nat.tn/fr/ANTthekira/Lecteur_des_archives/La%20Tunisie%20Medicale-1925#page/155/mode/2up,
Before_1956,1925,,,156,37,https://search.archives.nat.tn/fr/ANTthekira/Lecteur_des_archives/La%20Tunisie%20Medicale-1925#page/156/mode/2up,
Before_1956,1925,,,157,38,https://search.archives.nat.tn/fr/ANTthekira/Lecteur_des_archives/La%20Tunisie%20Medicale-1925#page/157/mode/2up,
Before_1956,1925,,,158,39,https://search.archives.nat.tn/fr/ANTthekira/Lecteur_des_archives/La%20Tunisie%20Medicale-1925#page/158/mode/2up,
Before_1956,1925,,,173,40,https://search.archives.nat.tn/fr/ANTthekira/Lecteur_des_archives/La%20Tunisie%20Medicale-1925#page/173/mode/2up,
Before_1956,1925,,,177,41,https://search.archives.nat.tn/fr/ANTthekira/Lecteur_des_archives/La%20Tunisie%20Medicale-1925#page/177/mode/2up,
Before_1956,1925,,,186,42,https://search.archives.nat.tn/fr/ANTthekira/Lecteur_des_archives/La%20Tunisie%20Medicale-1925#page/186/mode/2up,
Before_1956,1925,,,189,43,https://search.archives.nat.tn/fr/ANTthekira/Lecteur_des_archives/La%20Tunisie%20Medicale-1925#page/189/mode/2up,
Before_1956,1925,,,195,44,https://search.archives.nat.tn/fr/ANTthekira/Lecteur_des_archives/La%20Tunisie%20Medicale-1925#page/195/mode/2up,
Before_1956,1925,,,202,45,https://search.archives.nat.tn/fr/ANTthekira/Lecteur_des_archives/La%20Tunisie%20Medicale-1925#page/202/mode/2up,
Before_1956,1925,,,202,46,https://search.archives.nat.tn/fr/ANTthekira/Lecteur_des_archives/La%20Tunisie%20Medicale-1925#page/202/mode/2up,
Before_1956,1925,,,203,47,https://search.archives.nat.tn/fr/ANTthekira/Lecteur_des_archives/La%20Tunisie%20Medicale-1925#page/203/mode/2up,
Before_1956,1925,,,204,48,https://search.archives.nat.tn/fr/ANTthekira/Lecteur_des_archives/La%20Tunisie%20Medicale-1925#page/204/mode/2up,
Before_1956,1925,,,205,49,https://search.archives.nat.tn/fr/ANTthekira/Lecteur_des_archives/La%20Tunisie%20Medicale-1925#page/205/mode/2up,
Before_1956,1925,,,217,50,https://search.archives.nat.tn/fr/ANTthekira/Lecteur_des_archives/La%20Tunisie%20Medicale-1925#page/217/mode/2up,
Before_1956,1925,,,230,51,https://search.archives.nat.tn/fr/ANTthekira/Lecteur_des_archives/La%20Tunisie%20Medicale-1925#page/230/mode/2up,
Before_1956,1925,,,251,52,https://search.archives.nat.tn/fr/ANTthekira/Lecteur_des_archives/La%20Tunisie%20Medicale-1925#page/251/mode/2up,
Before_1956,1925,,,251,53,https://search.archives.nat.tn/fr/ANTthekira/Lecteur_des_archives/La%20Tunisie%20Medicale-1925#page/251/mode/2up,
Before_1956,1925,,,257,54,https://search.archives.nat.tn/fr/ANTthekira/Lecteur_des_archives/La%20Tunisie%20Medicale-1925#page/257/mode/2up,
Before_1956,1925,,,261,55,https://search.archives.nat.tn/fr/ANTthekira/Lecteur_des_archives/La%20Tunisie%20Medicale-1925#page/261/mode/2up,
Before_1956,1925,,,272,56,https://search.archives.nat.tn/fr/ANTthekira/Lecteur_des_archives/La%20Tunisie%20Medicale-1925#page/272/mode/2up,
Before_1956,1925,,,275,57,https://search.archives.nat.tn/fr/ANTthekira/Lecteur_des_archives/La%20Tunisie%20Medicale-1925#page/275/mode/2up,
Before_1956,1925,,,281,58,https://search.archives.nat.tn/fr/ANTthekira/Lecteur_des_archives/La%20Tunisie%20Medicale-1925#page/281/mode/2up,
Before_1956,1925,,,281,59,https://search.archives.nat.tn/fr/ANTthekira/Lecteur_des_archives/La%20Tunisie%20Medicale-1925#page/281/mode/2up,
Before_1956,1925,,,282,60,https://search.archives.nat.tn/fr/ANTthekira/Lecteur_des_archives/La%20Tunisie%20Medicale-1925#page/282/mode/2up,
Before_1956,1925,,,282,61,https://search.archives.nat.tn/fr/ANTthekira/Lecteur_des_archives/La%20Tunisie%20Medicale-1925#page/282/mode/2up,
Before_1956,1925,,,283,62,https://search.archives.nat.tn/fr/ANTthekira/Lecteur_des_archives/La%20Tunisie%20Medicale-1925#page/283/mode/2up,
Before_1956,1925,,,284,63,https://search.archives.nat.tn/fr/ANTthekira/Lecteur_des_archives/La%20Tunisie%20Medicale-1925#page/284/mode/2up,
Before_1956,1925,,,286,64,https://search.archives.nat.tn/fr/ANTthekira/Lecteur_des_archives/La%20Tunisie%20Medicale-1925#page/286/mode/2up,
Before_1956,1925,,,288,65,https://search.archives.nat.tn/fr/ANTthekira/Lecteur_des_archives/La%20Tunisie%20Medicale-1925#page/288/mode/2up,
Before_1956,1925,,,289,66,https://search.archives.nat.tn/fr/ANTthekira/Lecteur_des_archives/La%20Tunisie%20Medicale-1925#page/289/mode/2up,
Before_1956,1925,,,290,67,https://search.archives.nat.tn/fr/ANTthekira/Lecteur_des_archives/La%20Tunisie%20Medicale-1925#page/290/mode/2up,
Before_1956,1925,,,291,68,https://search.archives.nat.tn/fr/ANTthekira/Lecteur_des_archives/La%20Tunisie%20Medicale-1925#page/291/mode/2up,
Before_1956,1925,,,291,69,https://search.archives.nat.tn/fr/ANTthekira/Lecteur_des_archives/La%20Tunisie%20Medicale-1925#page/291/mode/2up,
Before_1956,1925,,,292,70,https://search.archives.nat.tn/fr/ANTthekira/Lecteur_des_archives/La%20Tunisie%20Medicale-1925#page/292/mode/2up,
Before_1956,1925,,,292,71,https://search.archives.nat.tn/fr/ANTthekira/Lecteur_des_archives/La%20Tunisie%20Medicale-1925#page/292/mode/2up,
Before_1956,1925,,,293,72,https://search.archives.nat.tn/fr/ANTthekira/Lecteur_des_archives/La%20Tunisie%20Medicale-1925#page/293/mode/2up,
Before_1956,1925,,,297,73,https://search.archives.nat.tn/fr/ANTthekira/Lecteur_des_archives/La%20Tunisie%20Medicale-1925#page/297/mode/2up,
Before_1956,1925,,,303,74,https://search.archives.nat.tn/fr/ANTthekira/Lecteur_des_archives/La%20Tunisie%20Medicale-1925#page/303/mode/2up,
Before_1956,1925,,,314,75,https://search.archives.nat.tn/fr/ANTthekira/Lecteur_des_archives/La%20Tunisie%20Medicale-1925#page/314/mode/2up,
Before_1956,1925,,,320,76,https://search.archives.nat.tn/fr/ANTthekira/Lecteur_des_archives/La%20Tunisie%20Medicale-1925#page/320/mode/2up,
Before_1956,1925,,,324,77,https://search.archives.nat.tn/fr/ANTthekira/Lecteur_des_archives/La%20Tunisie%20Medicale-1925#page/324/mode/2up,
Before_1956,1925,,,327,78,https://search.archives.nat.tn/fr/ANTthekira/Lecteur_des_archives/La%20Tunisie%20Medicale-1925#page/327/mode/2up,
Before_1956,1925,,,335,79,https://search.archives.nat.tn/fr/ANTthekira/Lecteur_des_archives/La%20Tunisie%20Medicale-1925#page/335/mode/2up,
Before_1956,1925,,,344,80,https://search.archives.nat.tn/fr/ANTthekira/Lecteur_des_archives/La%20Tunisie%20Medicale-1925#page/344/mode/2up,
Before_1956,1925,,,360,81,https://search.archives.nat.tn/fr/ANTthekira/Lecteur_des_archives/La%20Tunisie%20Medicale-1925#page/360/mode/2up,
Before_1956,1925,,,366,82,https://search.archives.nat.tn/fr/ANTthekira/Lecteur_des_archives/La%20Tunisie%20Medicale-1925#page/366/mode/2up,
Before_1956,1925,,,379,83,https://search.archives.nat.tn/fr/ANTthekira/Lecteur_des_archives/La%20Tunisie%20Medicale-1925#page/379/mode/2up,
Before_1956,1925,,,384,84,https://search.archives.nat.tn/fr/ANTthekira/Lecteur_des_archives/La%20Tunisie%20Medicale-1925#page/384/mode/2up,
Before_1956,1925,,,387,85,https://search.archives.nat.tn/fr/ANTthekira/Lecteur_des_archives/La%20Tunisie%20Medicale-1925#page/387/mode/2up,
Before_1956,1925,,,412,86,https://search.archives.nat.tn/fr/ANTthekira/Lecteur_des_archives/La%20Tunisie%20Medicale-1925#page/412/mode/2up,
Before_1956,1924,2,2,1,1,https://search.archives.nat.tn/fr/ANTthekira/Lecteur_des_archives/La%20Tunisie%20Medicale-1924#page/1/mode/2up,
Before_1956,1924,2,3,8,2,https://search.archives.nat.tn/fr/ANTthekira/Lecteur_des_archives/La%20Tunisie%20Medicale-1924#page/8/mode/2up,
Before_1956,1924,2,4,17,3,https://search.archives.nat.tn/fr/ANTthekira/Lecteur_des_archives/La%20Tunisie%20Medicale-1924#page/17/mode/2up,
Before_1956,1924,2,5,19,4,https://search.archives.nat.tn/fr/ANTthekira/Lecteur_des_archives/La%20Tunisie%20Medicale-1924#page/19/mode/2up,
Before_1956,1924,2,6,23,5,https://search.archives.nat.tn/fr/ANTthekira/Lecteur_des_archives/La%20Tunisie%20Medicale-1924#page/23/mode/2up,
Before_1956,1924,2,1,28,6,https://search.archives.nat.tn/fr/ANTthekira/Lecteur_des_archives/La%20Tunisie%20Medicale-1924#page/28/mode/2up,
Before_1956,1924,2,3,30,7,https://search.archives.nat.tn/fr/ANTthekira/Lecteur_des_archives/La%20Tunisie%20Medicale-1924#page/30/mode/2up,
Before_1956,1924,2,3,30,8,https://search.archives.nat.tn/fr/ANTthekira/Lecteur_des_archives/La%20Tunisie%20Medicale-1924#page/30/mode/2up,
Before_1956,1924,2,5,31,9,https://search.archives.nat.tn/fr/ANTthekira/Lecteur_des_archives/La%20Tunisie%20Medicale-1924#page/31/mode/2up,
Before_1956,1924,2,5,31,10,https://search.archives.nat.tn/fr/ANTthekira/Lecteur_des_archives/La%20Tunisie%20Medicale-1924#page/31/mode/2up,
Before_1956,1924,2,6,32,11,https://search.archives.nat.tn/fr/ANTthekira/Lecteur_des_archives/La%20Tunisie%20Medicale-1924#page/32/mode/2up,
Before_1956,1924,2,1,33,12,https://search.archives.nat.tn/fr/ANTthekira/Lecteur_des_archives/La%20Tunisie%20Medicale-1924#page/33/mode/2up,
Before_1956,1924,2,1,33,13,https://search.archives.nat.tn/fr/ANTthekira/Lecteur_des_archives/La%20Tunisie%20Medicale-1924#page/33/mode/2up,
Before_1956,1924,,,49,14,https://search.archives.nat.tn/fr/ANTthekira/Lecteur_des_archives/La%20Tunisie%20Medicale-1924#page/49/mode/2up,
Before_1956,1924,,,65,15,https://search.archives.nat.tn/fr/ANTthekira/Lecteur_des_archives/La%20Tunisie%20Medicale-1924#page/65/mode/2up,
Before_1956,1924,,,68,16,https://search.archives.nat.tn/fr/ANTthekira/Lecteur_des_archives/La%20Tunisie%20Medicale-1924#page/68/mode/2up,
Before_1956,1924,,,71,17,https://search.archives.nat.tn/fr/ANTthekira/Lecteur_des_archives/La%20Tunisie%20Medicale-1924#page/71/mode/2up,
Before_1956,1924,,,73,18,https://search.archives.nat.tn/fr/ANTthekira/Lecteur_des_archives/La%20Tunisie%20Medicale-1924#page/73/mode/2up,
Before_1956,1924,,,80,19,https://search.archives.nat.tn/fr/ANTthekira/Lecteur_des_archives/La%20Tunisie%20Medicale-1924#page/80/mode/2up,
Before_1956,1924,,,97,20,https://search.archives.nat.tn/fr/ANTthekira/Lecteur_des_archives/La%20Tunisie%20Medicale-1924#page/97/mode/2up,
Before_1956,1924,,,100,21,https://search.archives.nat.tn/fr/ANTthekira/Lecteur_des_archives/La%20Tunisie%20Medicale-1924#page/100/mode/2up,
Before_1956,1924,,,103,22,https://search.archives.nat.tn/fr/ANTthekira/Lecteur_des_archives/La%20Tunisie%20Medicale-1924#page/103/mode/2up,
Before_1956,1924,,,109,23,https://search.archives.nat.tn/fr/ANTthekira/Lecteur_des_archives/La%20Tunisie%20Medicale-1924#page/109/mode/2up,
Before_1956,1924,,,114,24,https://search.archives.nat.tn/fr/ANTthekira/Lecteur_des_archives/La%20Tunisie%20Medicale-1924#page/114/mode/2up,
Before_1956,1924,,,124,25,https://search.archives.nat.tn/fr/ANTthekira/Lecteur_des_archives/La%20Tunisie%20Medicale-1924#page/124/mode/2up,
Before_1956,1924,,,124,26,https://search.archives.nat.tn/fr/ANTthekira/Lecteur_des_archives/La%20Tunisie%20Medicale-1924#page/124/mode/2up,
Before_1956,1924,,,125,27,https://search.archives.nat.tn/fr/ANTthekira/Lecteur_des_archives/La%20Tunisie%20Medicale-1924#page/125/mode/2up,
Before_1956,1924,,,126,28,https://search.archives.nat.tn/fr/ANTthekira/Lecteur_des_archives/La%20Tunisie%20Medicale-1924#page/126/mode/2up,
Before_1956,1924,,,127,29,https://search.archives.nat.tn/fr/ANTthekira/Lecteur_des_archives/La%20Tunisie%20Medicale-1924#page/127/mode/2up,
Before_1956,1924,,,127,30,https://search.archives.nat.tn/fr/ANTthekira/Lecteur_des_archives/La%20Tunisie%20Medicale-1924#page/127/mode/2up,
Before_1956,1924,,,128,31,https://search.archives.nat.tn/fr/ANTthekira/Lecteur_des_archives/La%20Tunisie%20Medicale-1924#page/128/mode/2up,
Before_1956,1924,,,129,32,https://search.archives.nat.tn/fr/ANTthekira/Lecteur_des_archives/La%20Tunisie%20Medicale-1924#page/129/mode/2up,
Before_1956,1924,,,129,33,https://search.archives.nat.tn/fr/ANTthekira/Lecteur_des_archives/La%20Tunisie%20Medicale-1924#page/129/mode/2up,
Before_1956,1924,,,130,34,https://search.archives.nat.tn/fr/ANTthekira/Lecteur_des_archives/La%20Tunisie%20Medicale-1924#page/130/mode/2up,
Before_1956,1924,,,132,35,https://search.archives.nat.tn/fr/ANTthekira/Lecteur_des_archives/La%20Tunisie%20Medicale-1924#page/132/mode/2up,
Before_1956,1924,,,141,36,https://search.archives.nat.tn/fr/ANTthekira/Lecteur_des_archives/La%20Tunisie%20Medicale-1924#page/141/mode/2up,
Before_1956,1924,,,149,37,https://search.archives.nat.tn/fr/ANTthekira/Lecteur_des_archives/La%20Tunisie%20Medicale-1924#page/149/mode/2up,
Before_1956,1924,,,153,38,https://search.archives.nat.tn/fr/ANTthekira/Lecteur_des_archives/La%20Tunisie%20Medicale-1924#page/153/mode/2up,
Before_1956,1924,,,155,39,https://search.archives.nat.tn/fr/ANTthekira/Lecteur_des_archives/La%20Tunisie%20Medicale-1924#page/155/mode/2up,
Before_1956,1924,,,163,40,https://search.archives.nat.tn/fr/ANTthekira/Lecteur_des_archives/La%20Tunisie%20Medicale-1924#page/163/mode/2up,
Before_1956,1924,,,168,41,https://search.archives.nat.tn/fr/ANTthekira/Lecteur_des_archives/La%20Tunisie%20Medicale-1924#page/168/mode/2up,
Before_1956,1924,,,172,42,https://search.archives.nat.tn/fr/ANTthekira/Lecteur_des_archives/La%20Tunisie%20Medicale-1924#page/172/mode/2up,
Before_1956,1924,,,176,43,https://search.archives.nat.tn/fr/ANTthekira/Lecteur_des_archives/La%20Tunisie%20Medicale-1924#page/176/mode/2up,
Before_1956,1924,,,182,44,https://search.archives.nat.tn/fr/ANTthekira/Lecteur_des_archives/La%20Tunisie%20Medicale-1924#page/182/mode/2up,
Before_1956,1924,,,182,45,https://search.archives.nat.tn/fr/ANTthekira/Lecteur_des_archives/La%20Tunisie%20Medicale-1924#page/182/mode/2up,
Before_1956,1924,,,183,46,https://search.archives.nat.tn/fr/ANTthekira/Lecteur_des_archives/La%20Tunisie%20Medicale-1924#page/183/mode/2up,
Before_1956,1924,,,184,47,https://search.archives.nat.tn/fr/ANTthekira/Lecteur_des_archives/La%20Tunisie%20Medicale-1924#page/184/mode/2up,
Before_1956,1924,,,184,48,https://search.archives.nat.tn/fr/ANTthekira/Lecteur_des_archives/La%20Tunisie%20Medicale-1924#page/184/mode/2up,
Before_1956,1924,,,189,49,https://search.archives.nat.tn/fr/ANTthekira/Lecteur_des_archives/La%20Tunisie%20Medicale-1924#page/189/mode/2up,
Before_1956,1924,,,199,50,https://search.archives.nat.tn/fr/ANTthekira/Lecteur_des_archives/La%20Tunisie%20Medicale-1924#page/199/mode/2up,
Before_1956,1924,,,201,51,https://search.archives.nat.tn/fr/ANTthekira/Lecteur_des_archives/La%20Tunisie%20Medicale-1924#page/201/mode/2up,
Before_1956,1924,,,203,52,https://search.archives.nat.tn/fr/ANTthekira/Lecteur_des_archives/La%20Tunisie%20Medicale-1924#page/203/mode/2up,
Before_1956,1924,,,217,53,https://search.archives.nat.tn/fr/ANTthekira/Lecteur_des_archives/La%20Tunisie%20Medicale-1924#page/217/mode/2up,
Before_1956,1924,,,218,54,https://search.archives.nat.tn/fr/ANTthekira/Lecteur_des_archives/La%20Tunisie%20Medicale-1924#page/218/mode/2up,
Before_1956,1924,,,223,55,https://search.archives.nat.tn/fr/ANTthekira/Lecteur_des_archives/La%20Tunisie%20Medicale-1924#page/223/mode/2up,
Before_1956,1924,,,226,56,https://search.archives.nat.tn/fr/ANTthekira/Lecteur_des_archives/La%20Tunisie%20Medicale-1924#page/226/mode/2up,
Before_1956,1924,,,228,57,https://search.archives.nat.tn/fr/ANTthekira/Lecteur_des_archives/La%20Tunisie%20Medicale-1924#page/228/mode/2up,
Before_1956,1924,,,228,58,https://search.archives.nat.tn/fr/ANTthekira/Lecteur_des_archives/La%20Tunisie%20Medicale-1924#page/228/mode/2up,
Before_1956,1924,,,232,59,https://search.archives.nat.tn/fr/ANTthekira/Lecteur_des_archives/La%20Tunisie%20Medicale-1924#page/232/mode/2up,
Before_1956,1924,,,232,60,https://search.archives.nat.tn/fr/ANTthekira/Lecteur_des_archives/La%20Tunisie%20Medicale-1924#page/232/mode/2up,
Before_1956,1924,,,243,61,https://search.archives.nat.tn/fr/ANTthekira/Lecteur_des_archives/La%20Tunisie%20Medicale-1924#page/243/mode/2up,
Before_1956,1924,,,257,62,https://search.archives.nat.tn/fr/ANTthekira/Lecteur_des_archives/La%20Tunisie%20Medicale-1924#page/257/mode/2up,
Before_1956,1924,,,262,63,https://search.archives.nat.tn/fr/ANTthekira/Lecteur_des_archives/La%20Tunisie%20Medicale-1924#page/262/mode/2up,
Before_1956,1924,,,265,64,https://search.archives.nat.tn/fr/ANTthekira/Lecteur_des_archives/La%20Tunisie%20Medicale-1924#page/265/mode/2up,
Before_1956,1924,,,268,65,https://search.archives.nat.tn/fr/ANTthekira/Lecteur_des_archives/La%20Tunisie%20Medicale-1924#page/268/mode/2up,
Before_1956,1924,,,271,66,https://search.archives.nat.tn/fr/ANTthekira/Lecteur_des_archives/La%20Tunisie%20Medicale-1924#page/271/mode/2up,
Before_1956,1924,,,271,67,https://search.archives.nat.tn/fr/ANTthekira/Lecteur_des_archives/La%20Tunisie%20Medicale-1924#page/271/mode/2up,
Before_1956,1924,,,273,68,https://search.archives.nat.tn/fr/ANTthekira/Lecteur_des_archives/La%20Tunisie%20Medicale-1924#page/273/mode/2up,
Before_1956,1924,,,273,69,https://search.archives.nat.tn/fr/ANTthekira/Lecteur_des_archives/La%20Tunisie%20Medicale-1924#page/273/mode/2up,
Before_1956,1924,,,274,70,https://search.archives.nat.tn/fr/ANTthekira/Lecteur_des_archives/La%20Tunisie%20Medicale-1924#page/274/mode/2up,
Before_1956,1924,,,275,71,https://search.archives.nat.tn/fr/ANTthekira/Lecteur_des_archives/La%20Tunisie%20Medicale-1924#page/275/mode/2up,
Before_1956,1924,,,282,72,https://search.archives.nat.tn/fr/ANTthekira/Lecteur_des_archives/La%20Tunisie%20Medicale-1924#page/282/mode/2up,
Before_1956,1924,,,293,73,https://search.archives.nat.tn/fr/ANTthekira/Lecteur_des_archives/La%20Tunisie%20Medicale-1924#page/293/mode/2up,
Before_1956,1924,,,299,74,https://search.archives.nat.tn/fr/ANTthekira/Lecteur_des_archives/La%20Tunisie%20Medicale-1924#page/299/mode/2up,
Before_1956,1924,,,308,75,https://search.archives.nat.tn/fr/ANTthekira/Lecteur_des_archives/La%20Tunisie%20Medicale-1924#page/308/mode/2up,
Before_1956,1924,,,312,76,https://search.archives.nat.tn/fr/ANTthekira/Lecteur_des_archives/La%20Tunisie%20Medicale-1924#page/312/mode/2up,
Before_1956,1924,,,314,77,https://search.archives.nat.tn/fr/ANTthekira/Lecteur_des_archives/La%20Tunisie%20Medicale-1924#page/314/mode/2up,
Before_1956,1924,,,314,78,https://search.archives.nat.tn/fr/ANTthekira/Lecteur_des_archives/La%20Tunisie%20Medicale-1924#page/314/mode/2up,
Before_1956,1924,,,315,79,https://search.archives.nat.tn/fr/ANTthekira/Lecteur_des_archives/La%20Tunisie%20Medicale-1924#page/315/mode/2up,
Before_1956,1924,,,315,80,https://search.archives.nat.tn/fr/ANTthekira/Lecteur_des_archives/La%20Tunisie%20Medicale-1924#page/315/mode/2up,
Before_1956,1924,,,316,81,https://search.archives.nat.tn/fr/ANTthekira/Lecteur_des_archives/La%20Tunisie%20Medicale-1924#page/316/mode/2up,
Before_1956,1924,,,316,82,https://search.archives.nat.tn/fr/ANTthekira/Lecteur_des_archives/La%20Tunisie%20Medicale-1924#page/316/mode/2up,
Before_1956,1924,,,317,83,https://search.archives.nat.tn/fr/ANTthekira/Lecteur_des_archives/La%20Tunisie%20Medicale-1924#page/317/mode/2up,
Before_1956,1924,,,319,84,https://search.archives.nat.tn/fr/ANTthekira/Lecteur_des_archives/La%20Tunisie%20Medicale-1924#page/319/mode/2up,
Before_1956,1924,,,320,85,https://search.archives.nat.tn/fr/ANTthekira/Lecteur_des_archives/La%20Tunisie%20Medicale-1924#page/320/mode/2up,
Before_1956,1924,,,320,86,https://search.archives.nat.tn/fr/ANTthekira/Lecteur_des_archives/La%20Tunisie%20Medicale-1924#page/320/mode/2up,
Before_1956,1924,,,321,87,https://search.archives.nat.tn/fr/ANTthekira/Lecteur_des_archives/La%20Tunisie%20Medicale-1924#page/321/mode/2up,
Before_1956,1924,,,321,88,https://search.archives.nat.tn/fr/ANTthekira/Lecteur_des_archives/La%20Tunisie%20Medicale-1924#page/321/mode/2up,
Before_1956,1924,,,322,89,https://search.archives.nat.tn/fr/ANTthekira/Lecteur_des_archives/La%20Tunisie%20Medicale-1924#page/322/mode/2up,
Before_1956,1924,,,322,90,https://search.archives.nat.tn/fr/ANTthekira/Lecteur_des_archives/La%20Tunisie%20Medicale-1924#page/322/mode/2up,
Before_1956,1924,,,323,91,https://search.archives.nat.tn/fr/ANTthekira/Lecteur_des_archives/La%20Tunisie%20Medicale-1924#page/323/mode/2up,
Before_1956,1924,,,324,92,https://search.archives.nat.tn/fr/ANTthekira/Lecteur_des_archives/La%20Tunisie%20Medicale-1924#page/324/mode/2up,
Before_1956,1924,,,326,93,https://search.archives.nat.tn/fr/ANTthekira/Lecteur_des_archives/La%20Tunisie%20Medicale-1924#page/326/mode/2up,
Before_1956,1924,,,329,94,https://search.archives.nat.tn/fr/ANTthekira/Lecteur_des_archives/La%20Tunisie%20Medicale-1924#page/329/mode/2up,
Before_1956,1924,,,331,95,https://search.archives.nat.tn/fr/ANTthekira/Lecteur_des_archives/La%20Tunisie%20Medicale-1924#page/331/mode/2up,
Before_1956,1924,,,335,96,https://search.archives.nat.tn/fr/ANTthekira/Lecteur_des_archives/La%20Tunisie%20Medicale-1924#page/335/mode/2up,
Before_1956,1924,,,339,97,https://search.archives.nat.tn/fr/ANTthekira/Lecteur_des_archives/La%20Tunisie%20Medicale-1924#page/339/mode/2up,
Before_1956,1924,,,344,98,https://search.archives.nat.tn/fr/ANTthekira/Lecteur_des_archives/La%20Tunisie%20Medicale-1924#page/344/mode/2up,
Before_1956,1924,,,347,99,https://search.archives.nat.tn/fr/ANTthekira/Lecteur_des_archives/La%20Tunisie%20Medicale-1924#page/347/mode/2up,
Before_1956,1924,,,351,100,https://search.archives.nat.tn/fr/ANTthekira/Lecteur_des_archives/La%20Tunisie%20Medicale-1924#page/351/mode/2up,
Before_1956,1924,,,358,101,https://search.archives.nat.tn/fr/ANTthekira/Lecteur_des_archives/La%20Tunisie%20Medicale-1924#page/358/mode/2up,
Before_1956,1924,,,358,102,https://search.archives.nat.tn/fr/ANTthekira/Lecteur_des_archives/La%20Tunisie%20Medicale-1924#page/358/mode/2up,
Before_1956,1924,,,359,103,https://search.archives.nat.tn/fr/ANTthekira/Lecteur_des_archives/La%20Tunisie%20Medicale-1924#page/359/mode/2up,
Before_1956,1924,,,359,104,https://search.archives.nat.tn/fr/ANTthekira/Lecteur_des_archives/La%20Tunisie%20Medicale-1924#page/359/mode/2up,
Before_1956,1924,,,360,105,https://search.archives.nat.tn/fr/ANTthekira/Lecteur_des_archives/La%20Tunisie%20Medicale-1924#page/360/mode/2up,
Before_1956,1924,,,363,106,https://search.archives.nat.tn/fr/ANTthekira/Lecteur_des_archives/La%20Tunisie%20Medicale-1924#page/363/mode/2up,
Before_1956,1924,,,367,107,https://search.archives.nat.tn/fr/ANTthekira/Lecteur_des_archives/La%20Tunisie%20Medicale-1924#page/367/mode/2up,
Before_1956,1924,,,373,108,https://search.archives.nat.tn/fr/ANTthekira/Lecteur_des_archives/La%20Tunisie%20Medicale-1924#page/373/mode/2up,
Before_1956,1924,,,385,109,https://search.archives.nat.tn/fr/ANTthekira/Lecteur_des_archives/La%20Tunisie%20Medicale-1924#page/385/mode/2up,
Before_1956,1924,,,389,110,https://search.archives.nat.tn/fr/ANTthekira/Lecteur_des_archives/La%20Tunisie%20Medicale-1924#page/389/mode/2up,
Before_1956,1924,,,391,111,https://search.archives.nat.tn/fr/ANTthekira/Lecteur_des_archives/La%20Tunisie%20Medicale-1924#page/391/mode/2up,
Before_1956,1924,,,392,112,https://search.archives.nat.tn/fr/ANTthekira/Lecteur_des_archives/La%20Tunisie%20Medicale-1924#page/392/mode/2up,
Before_1956,1924,,,393,113,https://search.archives.nat.tn/fr/ANTthekira/Lecteur_des_archives/La%20Tunisie%20Medicale-1924#page/393/mode/2up,
Before_1956,1924,,,393,114,https://search.archives.nat.tn/fr/ANTthekira/Lecteur_des_archives/La%20Tunisie%20Medicale-1924#page/393/mode/2up,
Before_1956,1924,,,399,115,https://search.archives.nat.tn/fr/ANTthekira/Lecteur_des_archives/La%20Tunisie%20Medicale-1924#page/399/mode/2up,
Before_1956,1924,,,409,116,https://search.archives.nat.tn/fr/ANTthekira/Lecteur_des_archives/La%20Tunisie%20Medicale-1924#page/409/mode/2up,
Before_1956,1924,,,422,117,https://search.archives.nat.tn/fr/ANTthekira/Lecteur_des_archives/La%20Tunisie%20Medicale-1924#page/422/mode/2up,
Before_1956,1924,,,422,118,https://search.archives.nat.tn/fr/ANTthekira/Lecteur_des_archives/La%20Tunisie%20Medicale-1924#page/422/mode/2up,
Before_1956,1924,,,424,119,https://search.archives.nat.tn/fr/ANTthekira/Lecteur_des_archives/La%20Tunisie%20Medicale-1924#page/424/mode/2up,
Before_1956,1924,,,427,120,https://search.archives.nat.tn/fr/ANTthekira/Lecteur_des_archives/La%20Tunisie%20Medicale-1924#page/427/mode/2up,
Before_1956,1924,,,432,121,https://search.archives.nat.tn/fr/ANTthekira/Lecteur_des_archives/La%20Tunisie%20Medicale-1924#page/432/mode/2up,
Before_1956,1924,,,432,122,https://search.archives.nat.tn/fr/ANTthekira/Lecteur_des_archives/La%20Tunisie%20Medicale-1924#page/432/mode/2up,
Before_1956,1924,,,432,123,https://search.archives.nat.tn/fr/ANTthekira/Lecteur_des_archives/La%20Tunisie%20Medicale-1924#page/432/mode/2up,
Before_1956,1924,,,433,124,https://search.archives.nat.tn/fr/ANTthekira/Lecteur_des_archives/La%20Tunisie%20Medicale-1924#page/433/mode/2up,
Before_1956,1924,,,433,125,https://search.archives.nat.tn/fr/ANTthekira/Lecteur_des_archives/La%20Tunisie%20Medicale-1924#page/433/mode/2up,
Before_1956,1924,,,433,126,https://search.archives.nat.tn/fr/ANTthekira/Lecteur_des_archives/La%20Tunisie%20Medicale-1924#page/433/mode/2up,
Before_1956,1924,,,434,127,https://search.archives.nat.tn/fr/ANTthekira/Lecteur_des_archives/La%20Tunisie%20Medicale-1924#page/434/mode/2up,
Before_1956,1924,,,434,128,https://search.archives.nat.tn/fr/ANTthekira/Lecteur_des_archives/La%20Tunisie%20Medicale-1924#page/434/mode/2up,
Before_1956,1924,,,435,129,https://search.archives.nat.tn/fr/ANTthekira/Lecteur_des_archives/La%20Tunisie%20Medicale-1924#page/435/mode/2up,
Before_1956,1924,,,435,130,https://search.archives.nat.tn/fr/ANTthekira/Lecteur_des_archives/La%20Tunisie%20Medicale-1924#page/435/mode/2up,
Before_1956,1924,,,436,131,https://search.archives.nat.tn/fr/ANTthekira/Lecteur_des_archives/La%20Tunisie%20Medicale-1924#page/436/mode/2up,
Before_1956,1924,,,437,132,https://search.archives.nat.tn/fr/ANTthekira/Lecteur_des_archives/La%20Tunisie%20Medicale-1924#page/437/mode/2up,
Before_1956,1924,,,445,133,https://search.archives.nat.tn/fr/ANTthekira/Lecteur_des_archives/La%20Tunisie%20Medicale-1924#page/445/mode/2up,
Before_1956,1924,,,460,134,https://search.archives.nat.tn/fr/ANTthekira/Lecteur_des_archives/La%20Tunisie%20Medicale-1924#page/460/mode/2up,
Before_1956,1924,,,462,135,https://search.archives.nat.tn/fr/ANTthekira/Lecteur_des_archives/La%20Tunisie%20Medicale-1924#page/462/mode/2up,
Before_1956,1924,,,464,136,https://search.archives.nat.tn/fr/ANTthekira/Lecteur_des_archives/La%20Tunisie%20Medicale-1924#page/464/mode/2up,
Before_1956,1924,,,465,137,https://search.archives.nat.tn/fr/ANTthekira/Lecteur_des_archives/La%20Tunisie%20Medicale-1924#page/465/mode/2up,
Before_1956,1924,,,467,138,https://search.archives.nat.tn/fr/ANTthekira/Lecteur_des_archives/La%20Tunisie%20Medicale-1924#page/467/mode/2up,
Before_1956,1924,,,467,139,https://search.archives.nat.tn/fr/ANTthekira/Lecteur_des_archives/La%20Tunisie%20Medicale-1924#page/467/mode/2up,
Before_1956,1924,,,468,140,https://search.archives.nat.tn/fr/ANTthekira/Lecteur_des_archives/La%20Tunisie%20Medicale-1924#page/468/mode/2up,
Before_1956,1924,,,468,141,https://search.archives.nat.tn/fr/ANTthekira/Lecteur_des_archives/La%20Tunisie%20Medicale-1924#page/468/mode/2up,
Before_1956,1924,,,469,142,https://search.archives.nat.tn/fr/ANTthekira/Lecteur_des_archives/La%20Tunisie%20Medicale-1924#page/469/mode/2up,
Before_1956,1924,,,469,143,https://search.archives.nat.tn/fr/ANTthekira/Lecteur_des_archives/La%20Tunisie%20Medicale-1924#page/469/mode/2up,
Before_1956,1924,,,470,144,https://search.archives.nat.tn/fr/ANTthekira/Lecteur_des_archives/La%20Tunisie%20Medicale-1924#page/470/mode/2up,
Before_1956,1924,,,470,145,https://search.archives.nat.tn/fr/ANTthekira/Lecteur_des_archives/La%20Tunisie%20Medicale-1924#page/470/mode/2up,
Before_1956,1924,,,471,146,https://search.archives.nat.tn/fr/ANTthekira/Lecteur_des_archives/La%20Tunisie%20Medicale-1924#page/471/mode/2up,
Before_1956,1924,,,471,147,https://search.archives.nat.tn/fr/ANTthekira/Lecteur_des_archives/La%20Tunisie%20Medicale-1924#page/471/mode/2up,
Before_1956,1924,,,472,148,https://search.archives.nat.tn/fr/ANTthekira/Lecteur_des_archives/La%20Tunisie%20Medicale-1924#page/472/mode/2up,
Before_1956,1924,,,478,149,https://search.archives.nat.tn/fr/ANTthekira/Lecteur_des_archives/La%20Tunisie%20Medicale-1924#page/478/mode/2up,
Before_1956,1924,,,483,150,https://search.archives.nat.tn/fr/ANTthekira/Lecteur_des_archives/La%20Tunisie%20Medicale-1924#page/483/mode/2up,
Before_1956,1924,,,488,151,https://search.archives.nat.tn/fr/ANTthekira/Lecteur_des_archives/La%20Tunisie%20Medicale-1924#page/488/mode/2up,
Before_1956,1924,,,498,152,https://search.archives.nat.tn/fr/ANTthekira/Lecteur_des_archives/La%20Tunisie%20Medicale-1924#page/498/mode/2up,
Before_1956,1924,,,499,153,https://search.archives.nat.tn/fr/ANTthekira/Lecteur_des_archives/La%20Tunisie%20Medicale-1924#page/499/mode/2up,
Before_1956,1924,,,501,154,https://search.archives.nat.tn/fr/ANTthekira/Lecteur_des_archives/La%20Tunisie%20Medicale-1924#page/501/mode/2up,
Before_1956,1924,,,503,155,https://search.archives.nat.tn/fr/ANTthekira/Lecteur_des_archives/La%20Tunisie%20Medicale-1924#page/503/mode/2up,
Before_1956,1924,,,503,156,https://search.archives.nat.tn/fr/ANTthekira/Lecteur_des_archives/La%20Tunisie%20Medicale-1924#page/503/mode/2up,
Before_1956,1924,,,504,157,https://search.archives.nat.tn/fr/ANTthekira/Lecteur_des_archives/La%20Tunisie%20Medicale-1924#page/504/mode/2up,
Before_1956,1924,,,504,158,https://search.archives.nat.tn/fr/ANTthekira/Lecteur_des_archives/La%20Tunisie%20Medicale-1924#page/504/mode/2up,
Before_1956,1924,,,505,159,https://search.archives.nat.tn/fr/ANTthekira/Lecteur_des_archives/La%20Tunisie%20Medicale-1924#page/505/mode/2up,
Before_1956,1924,,,505,160,https://search.archives.nat.tn/fr/ANTthekira/Lecteur_des_archives/La%20Tunisie%20Medicale-1924#page/505/mode/2up,
Before_1956,1924,,,510,161,https://search.archives.nat.tn/fr/ANTthekira/Lecteur_des_archives/La%20Tunisie%20Medicale-1924#page/510/mode/2up,
Before_1956,1923,,,1,1,https://search.archives.nat.tn/fr/ANTthekira/Lecteur_des_archives/La%20Tunisie%20Medicale-1923#page/1/mode/2up,
Before_1956,1923,,,8,2,https://search.archives.nat.tn/fr/ANTthekira/Lecteur_des_archives/La%20Tunisie%20Medicale-1923#page/8/mode/2up,
Before_1956,1923,,,22,3,https://search.archives.nat.tn/fr/ANTthekira/Lecteur_des_archives/La%20Tunisie%20Medicale-1923#page/22/mode/2up,
Before_1956,1923,,,26,4,https://search.archives.nat.tn/fr/ANTthekira/Lecteur_des_archives/La%20Tunisie%20Medicale-1923#page/26/mode/2up,
Before_1956,1923,,,26,5,https://search.archives.nat.tn/fr/ANTthekira/Lecteur_des_archives/La%20Tunisie%20Medicale-1923#page/26/mode/2up,
Before_1956,1923,,,35,6,https://search.archives.nat.tn/fr/ANTthekira/Lecteur_des_archives/La%20Tunisie%20Medicale-1923#page/35/mode/2up,
Before_1956,1923,,,40,7,https://search.archives.nat.tn/fr/ANTthekira/Lecteur_des_archives/La%20Tunisie%20Medicale-1923#page/40/mode/2up,
Before_1956,1923,,,40,8,https://search.archives.nat.tn/fr/ANTthekira/Lecteur_des_archives/La%20Tunisie%20Medicale-1923#page/40/mode/2up,
Before_1956,1923,,,41,9,https://search.archives.nat.tn/fr/ANTthekira/Lecteur_des_archives/La%20Tunisie%20Medicale-1923#page/41/mode/2up,
Before_1956,1923,,,42,10,https://search.archives.nat.tn/fr/ANTthekira/Lecteur_des_archives/La%20Tunisie%20Medicale-1923#page/42/mode/2up,
Before_1956,1923,,,43,11,https://search.archives.nat.tn/fr/ANTthekira/Lecteur_des_archives/La%20Tunisie%20Medicale-1923#page/43/mode/2up,
Before_1956,1923,,,44,12,https://search.archives.nat.tn/fr/ANTthekira/Lecteur_des_archives/La%20Tunisie%20Medicale-1923#page/44/mode/2up,
Before_1956,1923,,,45,13,https://search.archives.nat.tn/fr/ANTthekira/Lecteur_des_archives/La%20Tunisie%20Medicale-1923#page/45/mode/2up,
Before_1956,1923,,,46,14,https://search.archives.nat.tn/fr/ANTthekira/Lecteur_des_archives/La%20Tunisie%20Medicale-1923#page/46/mode/2up,
Before_1956,1923,,,46,15,https://search.archives.nat.tn/fr/ANTthekira/Lecteur_des_archives/La%20Tunisie%20Medicale-1923#page/46/mode/2up,
Before_1956,1923,,,54,16,https://search.archives.nat.tn/fr/ANTthekira/Lecteur_des_archives/La%20Tunisie%20Medicale-1923#page/54/mode/2up,
Before_1956,1923,,,70,17,https://search.archives.nat.tn/fr/ANTthekira/Lecteur_des_archives/La%20Tunisie%20Medicale-1923#page/70/mode/2up,
Before_1956,1923,,,71,18,https://search.archives.nat.tn/fr/ANTthekira/Lecteur_des_archives/La%20Tunisie%20Medicale-1923#page/71/mode/2up,
Before_1956,1923,,,72,19,https://search.archives.nat.tn/fr/ANTthekira/Lecteur_des_archives/La%20Tunisie%20Medicale-1923#page/72/mode/2up,
Before_1956,1923,,,74,20,https://search.archives.nat.tn/fr/ANTthekira/Lecteur_des_archives/La%20Tunisie%20Medicale-1923#page/74/mode/2up,
Before_1956,1923,,,75,21,https://search.archives.nat.tn/fr/ANTthekira/Lecteur_des_archives/La%20Tunisie%20Medicale-1923#page/75/mode/2up,
Before_1956,1923,,,76,22,https://search.archives.nat.tn/fr/ANTthekira/Lecteur_des_archives/La%20Tunisie%20Medicale-1923#page/76/mode/2up,
Before_1956,1923,,,77,23,https://search.archives.nat.tn/fr/ANTthekira/Lecteur_des_archives/La%20Tunisie%20Medicale-1923#page/77/mode/2up,
Before_1956,1923,,,79,24,https://search.archives.nat.tn/fr/ANTthekira/Lecteur_des_archives/La%20Tunisie%20Medicale-1923#page/79/mode/2up,
Before_1956,1923,,,82,25,https://search.archives.nat.tn/fr/ANTthekira/Lecteur_des_archives/La%20Tunisie%20Medicale-1923#page/82/mode/2up,
Before_1956,1923,,,90,26,https://search.archives.nat.tn/fr/ANTthekira/Lecteur_des_archives/La%20Tunisie%20Medicale-1923#page/90/mode/2up,
Before_1956,1923,,,92,27,https://search.archives.nat.tn/fr/ANTthekira/Lecteur_des_archives/La%20Tunisie%20Medicale-1923#page/92/mode/2up,
Before_1956,1923,,,93,28,https://search.archives.nat.tn/fr/ANTthekira/Lecteur_des_archives/La%20Tunisie%20Medicale-1923#page/93/mode/2up,
Before_1956,1923,,,100,29,https://search.archives.nat.tn/fr/ANTthekira/Lecteur_des_archives/La%20Tunisie%20Medicale-1923#page/100/mode/2up,
Before_1956,1923,,,103,30,https://search.archives.nat.tn/fr/ANTthekira/Lecteur_des_archives/La%20Tunisie%20Medicale-1923#page/103/mode/2up,
Before_1956,1923,,,110,31,https://search.archives.nat.tn/fr/ANTthekira/Lecteur_des_archives/La%20Tunisie%20Medicale-1923#page/110/mode/2up,
Before_1956,1923,,,111,32,https://search.archives.nat.tn/fr/ANTthekira/Lecteur_des_archives/La%20Tunisie%20Medicale-1923#page/111/mode/2up,
Before_1956,1923,,,113,33,https://search.archives.nat.tn/fr/ANTthekira/Lecteur_des_archives/La%20Tunisie%20Medicale-1923#page/113/mode/2up,
Before_1956,1923,,,118,34,https://search.archives.nat.tn/fr/ANTthekira/Lecteur_des_archives/La%20Tunisie%20Medicale-1923#page/118/mode/2up,
Before_1956,1923,,,134,35,https://search.archives.nat.tn/fr/ANTthekira/Lecteur_des_archives/La%20Tunisie%20Medicale-1923#page/134/mode/2up,
Before_1956,1923,,,135,36,https://search.archives.nat.tn/fr/ANTthekira/Lecteur_des_archives/La%20Tunisie%20Medicale-1923#page/135/mode/2up,
Before_1956,1923,,,136,37,https://search.archives.nat.tn/fr/ANTthekira/Lecteur_des_archives/La%20Tunisie%20Medicale-1923#page/136/mode/2up,
Before_1956,1923,,,136,38,https://search.archives.nat.tn/fr/ANTthekira/Lecteur_des_archives/La%20Tunisie%20Medicale-1923#page/136/mode/2up,
Before_1956,1923,,,137,39,https://search.archives.nat.tn/fr/ANTthekira/Lecteur_des_archives/La%20Tunisie%20Medicale-1923#page/137/mode/2up,
Before_1956,1923,,,154,40,https://search.archives.nat.tn/fr/ANTthekira/Lecteur_des_archives/La%20Tunisie%20Medicale-1923#page/154/mode/2up,
Before_1956,1923,,,167,41,https://search.archives.nat.tn/fr/ANTthekira/Lecteur_des_archives/La%20Tunisie%20Medicale-1923#page/167/mode/2up,
Before_1956,1923,,,168,42,https://search.archives.nat.tn/fr/ANTthekira/Lecteur_des_archives/La%20Tunisie%20Medicale-1923#page/168/mode/2up,
Before_1956,1923,,,170,43,https://search.archives.nat.tn/fr/ANTthekira/Lecteur_des_archives/La%20Tunisie%20Medicale-1923#page/170/mode/2up,
Before_1956,1923,,,171,44,https://search.archives.nat.tn/fr/ANTthekira/Lecteur_des_archives/La%20Tunisie%20Medicale-1923#page/171/mode/2up,
Before_1956,1923,,,176,45,https://search.archives.nat.tn/fr/ANTthekira/Lecteur_des_archives/La%20Tunisie%20Medicale-1923#page/176/mode/2up,
Before_1956,1923,,,179,46,https://search.archives.nat.tn/fr/ANTthekira/Lecteur_des_archives/La%20Tunisie%20Medicale-1923#page/179/mode/2up,
Before_1956,1923,,,184,47,https://search.archives.nat.tn/fr/ANTthekira/Lecteur_des_archives/La%20Tunisie%20Medicale-1923#page/184/mode/2up,
Before_1956,1923,,,186,48,https://search.archives.nat.tn/fr/ANTthekira/Lecteur_des_archives/La%20Tunisie%20Medicale-1923#page/186/mode/2up,
Before_1956,1923,,,187,49,https://search.archives.nat.tn/fr/ANTthekira/Lecteur_des_archives/La%20Tunisie%20Medicale-1923#page/187/mode/2up,
Before_1956,1923,,,188,50,https://search.archives.nat.tn/fr/ANTthekira/Lecteur_des_archives/La%20Tunisie%20Medicale-1923#page/188/mode/2up,
Before_1956,1923,,,188,51,https://search.archives.nat.tn/fr/ANTthekira/Lecteur_des_archives/La%20Tunisie%20Medicale-1923#page/188/mode/2up,
Before_1956,1923,,,189,52,https://search.archives.nat.tn/fr/ANTthekira/Lecteur_des_archives/La%20Tunisie%20Medicale-1923#page/189/mode/2up,
Before_1956,1923,,,198,53,https://search.archives.nat.tn/fr/ANTthekira/Lecteur_des_archives/La%20Tunisie%20Medicale-1923#page/198/mode/2up,
Before_1956,1923,,,204,54,https://search.archives.nat.tn/fr/ANTthekira/Lecteur_des_archives/La%20Tunisie%20Medicale-1923#page/204/mode/2up,
Before_1956,1923,,,216,55,https://search.archives.nat.tn/fr/ANTthekira/Lecteur_des_archives/La%20Tunisie%20Medicale-1923#page/216/mode/2up,
Before_1956,1923,,,220,56,https://search.archives.nat.tn/fr/ANTthekira/Lecteur_des_archives/La%20Tunisie%20Medicale-1923#page/220/mode/2up,
Before_1956,1923,,,223,57,https://search.archives.nat.tn/fr/ANTthekira/Lecteur_des_archives/La%20Tunisie%20Medicale-1923#page/223/mode/2up,
Before_1956,1923,,,225,58,https://search.archives.nat.tn/fr/ANTthekira/Lecteur_des_archives/La%20Tunisie%20Medicale-1923#page/225/mode/2up,
Before_1956,1923,,,228,59,https://search.archives.nat.tn/fr/ANTthekira/Lecteur_des_archives/La%20Tunisie%20Medicale-1923#page/228/mode/2up,
Before_1956,1923,,,231,60,https://search.archives.nat.tn/fr/ANTthekira/Lecteur_des_archives/La%20Tunisie%20Medicale-1923#page/231/mode/2up,
Before_1956,1923,,,240,61,https://search.archives.nat.tn/fr/ANTthekira/Lecteur_des_archives/La%20Tunisie%20Medicale-1923#page/240/mode/2up,
Before_1956,1923,,,251,62,https://search.archives.nat.tn/fr/ANTthekira/Lecteur_des_archives/La%20Tunisie%20Medicale-1923#page/251/mode/2up,
Before_1956,1923,,,255,63,https://search.archives.nat.tn/fr/ANTthekira/Lecteur_des_archives/La%20Tunisie%20Medicale-1923#page/255/mode/2up,
Before_1956,1923,,,256,64,https://search.archives.nat.tn/fr/ANTthekira/Lecteur_des_archives/La%20Tunisie%20Medicale-1923#page/256/mode/2up,
Before_1956,1923,,,268,65,https://search.archives.nat.tn/fr/ANTthekira/Lecteur_des_archives/La%20Tunisie%20Medicale-1923#page/268/mode/2up,
Before_1956,1923,,,284,66,https://search.archives.nat.tn/fr/ANTthekira/Lecteur_des_archives/La%20Tunisie%20Medicale-1923#page/284/mode/2up,
Before_1956,1923,,,290,67,https://search.archives.nat.tn/fr/ANTthekira/Lecteur_des_archives/La%20Tunisie%20Medicale-1923#page/290/mode/2up,
Before_1956,1923,,,293,68,https://search.archives.nat.tn/fr/ANTthekira/Lecteur_des_archives/La%20Tunisie%20Medicale-1923#page/293/mode/2up,
Before_1956,1923,,,298,69,https://search.archives.nat.tn/fr/ANTthekira/Lecteur_des_archives/La%20Tunisie%20Medicale-1923#page/298/mode/2up,
Before_1956,1923,,,300,70,https://search.archives.nat.tn/fr/ANTthekira/Lecteur_des_archives/La%20Tunisie%20Medicale-1923#page/300/mode/2up,
Before_1956,1923,,,306,71,https://search.archives.nat.tn/fr/ANTthekira/Lecteur_des_archives/La%20Tunisie%20Medicale-1923#page/306/mode/2up,
Before_1956,1923,,,307,72,https://search.archives.nat.tn/fr/ANTthekira/Lecteur_des_archives/La%20Tunisie%20Medicale-1923#page/307/mode/2up,
Before_1956,1923,,,307,73,https://search.archives.nat.tn/fr/ANTthekira/Lecteur_des_archives/La%20Tunisie%20Medicale-1923#page/307/mode/2up,
Before_1956,1923,,,324,74,https://search.archives.nat.tn/fr/ANTthekira/Lecteur_des_archives/La%20Tunisie%20Medicale-1923#page/324/mode/2up,
Before_1956,1923,,,326,75,https://search.archives.nat.tn/fr/ANTthekira/Lecteur_des_archives/La%20Tunisie%20Medicale-1923#page/326/mode/2up,
Before_1956,1923,,,331,76,https://search.archives.nat.tn/fr/ANTthekira/Lecteur_des_archives/La%20Tunisie%20Medicale-1923#page/331/mode/2up,
Before_1956,1923,,,336,77,https://search.archives.nat.tn/fr/ANTthekira/Lecteur_des_archives/La%20Tunisie%20Medicale-1923#page/336/mode/2up,
Before_1956,1923,,,343,78,https://search.archives.nat.tn/fr/ANTthekira/Lecteur_des_archives/La%20Tunisie%20Medicale-1923#page/343/mode/2up,
Before_1956,1923,,,348,79,https://search.archives.nat.tn/fr/ANTthekira/Lecteur_des_archives/La%20Tunisie%20Medicale-1923#page/348/mode/2up,
Before_1956,1923,,,349,80,https://search.archives.nat.tn/fr/ANTthekira/Lecteur_des_archives/La%20Tunisie%20Medicale-1923#page/349/mode/2up,
Before_1956,1923,,,349,81,https://search.archives.nat.tn/fr/ANTthekira/Lecteur_des_archives/La%20Tunisie%20Medicale-1923#page/349/mode/2up,
Before_1956,1923,,,350,82,https://search.archives.nat.tn/fr/ANTthekira/Lecteur_des_archives/La%20Tunisie%20Medicale-1923#page/350/mode/2up,
Before_1956,1923,,,350,83,https://search.archives.nat.tn/fr/ANTthekira/Lecteur_des_archives/La%20Tunisie%20Medicale-1923#page/350/mode/2up,
Before_1956,1923,,,351,84,https://search.archives.nat.tn/fr/ANTthekira/Lecteur_des_archives/La%20Tunisie%20Medicale-1923#page/351/mode/2up,
Before_1956,1923,,,352,85,https://search.archives.nat.tn/fr/ANTthekira/Lecteur_des_archives/La%20Tunisie%20Medicale-1923#page/352/mode/2up,
Before_1956,1923,,,354,86,https://search.archives.nat.tn/fr/ANTthekira/Lecteur_des_archives/La%20Tunisie%20Medicale-1923#page/354/mode/2up,
Before_1956,1923,,,354,87,https://search.archives.nat.tn/fr/ANTthekira/Lecteur_des_archives/La%20Tunisie%20Medicale-1923#page/354/mode/2up,
Before_1956,1923,,,355,88,https://search.archives.nat.tn/fr/ANTthekira/Lecteur_des_archives/La%20Tunisie%20Medicale-1923#page/355/mode/2up,
Before_1956,1923,,,364,89,https://search.archives.nat.tn/fr/ANTthekira/Lecteur_des_archives/La%20Tunisie%20Medicale-1923#page/364/mode/2up,
Before_1956,1923,,,382,90,https://search.archives.nat.tn/fr/ANTthekira/Lecteur_des_archives/La%20Tunisie%20Medicale-1923#page/382/mode/2up,
Before_1956,1923,,,385,91,https://search.archives.nat.tn/fr/ANTthekira/Lecteur_des_archives/La%20Tunisie%20Medicale-1923#page/385/mode/2up,
Before_1956,1923,,,385,92,https://search.archives.nat.tn/fr/ANTthekira/Lecteur_des_archives/La%20Tunisie%20Medicale-1923#page/385/mode/2up,
Before_1956,1923,,,387,93,https://search.archives.nat.tn/fr/ANTthekira/Lecteur_des_archives/La%20Tunisie%20Medicale-1923#page/387/mode/2up,
Before_1956,1923,,,389,94,https://search.archives.nat.tn/fr/ANTthekira/Lecteur_des_archives/La%20Tunisie%20Medicale-1923#page/389/mode/2up,
Before_1956,1923,,,392,95,https://search.archives.nat.tn/fr/ANTthekira/Lecteur_des_archives/La%20Tunisie%20Medicale-1923#page/392/mode/2up,
Before_1956,1923,,,397,96,https://search.archives.nat.tn/fr/ANTthekira/Lecteur_des_archives/La%20Tunisie%20Medicale-1923#page/397/mode/2up,
Before_1956,1923,,,403,97,https://search.archives.nat.tn/fr/ANTthekira/Lecteur_des_archives/La%20Tunisie%20Medicale-1923#page/403/mode/2up,
Before_1956,1923,,,404,98,https://search.archives.nat.tn/fr/ANTthekira/Lecteur_des_archives/La%20Tunisie%20Medicale-1923#page/404/mode/2up,
Before_1956,1923,,,408,99,https://search.archives.nat.tn/fr/ANTthekira/Lecteur_des_archives/La%20Tunisie%20Medicale-1923#page/408/mode/2up,
Before_1956,1923,,,413,100,https://search.archives.nat.tn/fr/ANTthekira/Lecteur_des_archives/La%20Tunisie%20Medicale-1923#page/413/mode/2up,
Before_1956,1923,,,416,101,https://search.archives.nat.tn/fr/ANTthekira/Lecteur_des_archives/La%20Tunisie%20Medicale-1923#page/416/mode/2up,
Before_1956,1923,,,418,102,https://search.archives.nat.tn/fr/ANTthekira/Lecteur_des_archives/La%20Tunisie%20Medicale-1923#page/418/mode/2up,
Before_1956,1923,,,429,103,https://search.archives.nat.tn/fr/ANTthekira/Lecteur_des_archives/La%20Tunisie%20Medicale-1923#page/429/mode/2up,
Before_1956,1923,,,430,104,https://search.archives.nat.tn/fr/ANTthekira/Lecteur_des_archives/La%20Tunisie%20Medicale-1923#page/430/mode/2up,
Before_1956,1923,,,432,105,https://search.archives.nat.tn/fr/ANTthekira/Lecteur_des_archives/La%20Tunisie%20Medicale-1923#page/432/mode/2up,
Before_1956,1923,,,432,106,https://search.archives.nat.tn/fr/ANTthekira/Lecteur_des_archives/La%20Tunisie%20Medicale-1923#page/432/mode/2up,
Before_1956,1923,,,433,107,https://search.archives.nat.tn/fr/ANTthekira/Lecteur_des_archives/La%20Tunisie%20Medicale-1923#page/433/mode/2up,
Before_1956,1923,,,439,108,https://search.archives.nat.tn/fr/ANTthekira/Lecteur_des_archives/La%20Tunisie%20Medicale-1923#page/439/mode/2up,
Before_1956,1922,20,2,1,1,https://search.archives.nat.tn/fr/ANTthekira/Lecteur_des_archives/La%20Tunisie%20Medicale-1922#page/1/mode/2up,
Before_1956,1922,20,3,4,2,https://search.archives.nat.tn/fr/ANTthekira/Lecteur_des_archives/La%20Tunisie%20Medicale-1922#page/4/mode/2up,
Before_1956,1922,20,4,9,3,https://search.archives.nat.tn/fr/ANTthekira/Lecteur_des_archives/La%20Tunisie%20Medicale-1922#page/9/mode/2up,
Before_1956,1922,20,5,11,4,https://search.archives.nat.tn/fr/ANTthekira/Lecteur_des_archives/La%20Tunisie%20Medicale-1922#page/11/mode/2up,
Before_1956,1922,20,6,14,5,https://search.archives.nat.tn/fr/ANTthekira/Lecteur_des_archives/La%20Tunisie%20Medicale-1922#page/14/mode/2up,
Before_1956,1922,20,1,19,6,https://search.archives.nat.tn/fr/ANTthekira/Lecteur_des_archives/La%20Tunisie%20Medicale-1922#page/19/mode/2up,
Before_1956,1922,20,2,32,7,https://search.archives.nat.tn/fr/ANTthekira/Lecteur_des_archives/La%20Tunisie%20Medicale-1922#page/32/mode/2up,
Before_1956,1922,20,3,33,8,https://search.archives.nat.tn/fr/ANTthekira/Lecteur_des_archives/La%20Tunisie%20Medicale-1922#page/33/mode/2up,
Before_1956,1922,20,4,35,9,https://search.archives.nat.tn/fr/ANTthekira/Lecteur_des_archives/La%20Tunisie%20Medicale-1922#page/35/mode/2up,
Before_1956,1922,20,5,36,10,https://search.archives.nat.tn/fr/ANTthekira/Lecteur_des_archives/La%20Tunisie%20Medicale-1922#page/36/mode/2up,
Before_1956,1922,20,6,37,11,https://search.archives.nat.tn/fr/ANTthekira/Lecteur_des_archives/La%20Tunisie%20Medicale-1922#page/37/mode/2up,
Before_1956,1922,20,1,41,12,https://search.archives.nat.tn/fr/ANTthekira/Lecteur_des_archives/La%20Tunisie%20Medicale-1922#page/41/mode/2up,
Before_1956,1922,,,43,13,https://search.archives.nat.tn/fr/ANTthekira/Lecteur_des_archives/La%20Tunisie%20Medicale-1922#page/43/mode/2up,
Before_1956,1922,,,46,14,https://search.archives.nat.tn/fr/ANTthekira/Lecteur_des_archives/La%20Tunisie%20Medicale-1922#page/46/mode/2up,
Before_1956,1922,,,50,15,https://search.archives.nat.tn/fr/ANTthekira/Lecteur_des_archives/La%20Tunisie%20Medicale-1922#page/50/mode/2up,
Before_1956,1922,,,54,16,https://search.archives.nat.tn/fr/ANTthekira/Lecteur_des_archives/La%20Tunisie%20Medicale-1922#page/54/mode/2up,
Before_1956,1922,,,63,17,https://search.archives.nat.tn/fr/ANTthekira/Lecteur_des_archives/La%20Tunisie%20Medicale-1922#page/63/mode/2up,
Before_1956,1922,,,66,18,https://search.archives.nat.tn/fr/ANTthekira/Lecteur_des_archives/La%20Tunisie%20Medicale-1922#page/66/mode/2up,
Before_1956,1922,,,67,19,https://search.archives.nat.tn/fr/ANTthekira/Lecteur_des_archives/La%20Tunisie%20Medicale-1922#page/67/mode/2up,
Before_1956,1922,,,67,20,https://search.archives.nat.tn/fr/ANTthekira/Lecteur_des_archives/La%20Tunisie%20Medicale-1922#page/67/mode/2up,
Before_1956,1922,,,68,21,https://search.archives.nat.tn/fr/ANTthekira/Lecteur_des_archives/La%20Tunisie%20Medicale-1922#page/68/mode/2up,
Before_1956,1922,,,68,22,https://search.archives.nat.tn/fr/ANTthekira/Lecteur_des_archives/La%20Tunisie%20Medicale-1922#page/68/mode/2up,
Before_1956,1922,,,69,23,https://search.archives.nat.tn/fr/ANTthekira/Lecteur_des_archives/La%20Tunisie%20Medicale-1922#page/69/mode/2up,
Before_1956,1922,,,70,24,https://search.archives.nat.tn/fr/ANTthekira/Lecteur_des_archives/La%20Tunisie%20Medicale-1922#page/70/mode/2up,
Before_1956,1922,,,71,25,https://search.archives.nat.tn/fr/ANTthekira/Lecteur_des_archives/La%20Tunisie%20Medicale-1922#page/71/mode/2up,
Before_1956,1922,,,72,26,https://search.archives.nat.tn/fr/ANTthekira/Lecteur_des_archives/La%20Tunisie%20Medicale-1922#page/72/mode/2up,
Before_1956,1922,,,73,27,https://search.archives.nat.tn/fr/ANTthekira/Lecteur_des_archives/La%20Tunisie%20Medicale-1922#page/73/mode/2up,
Before_1956,1922,,,75,28,https://search.archives.nat.tn/fr/ANTthekira/Lecteur_des_archives/La%20Tunisie%20Medicale-1922#page/75/mode/2up,
Before_1956,1922,,,76,29,https://search.archives.nat.tn/fr/ANTthekira/Lecteur_des_archives/La%20Tunisie%20Medicale-1922#page/76/mode/2up,
Before_1956,1922,,,85,30,https://search.archives.nat.tn/fr/ANTthekira/Lecteur_des_archives/La%20Tunisie%20Medicale-1922#page/85/mode/2up,
Before_1956,1922,,,100,31,https://search.archives.nat.tn/fr/ANTthekira/Lecteur_des_archives/La%20Tunisie%20Medicale-1922#page/100/mode/2up,
Before_1956,1922,,,103,32,https://search.archives.nat.tn/fr/ANTthekira/Lecteur_des_archives/La%20Tunisie%20Medicale-1922#page/103/mode/2up,
Before_1956,1922,,,106,33,https://search.archives.nat.tn/fr/ANTthekira/Lecteur_des_archives/La%20Tunisie%20Medicale-1922#page/106/mode/2up,
Before_1956,1922,,,110,34,https://search.archives.nat.tn/fr/ANTthekira/Lecteur_des_archives/La%20Tunisie%20Medicale-1922#page/110/mode/2up,
Before_1956,1922,,,114,35,https://search.archives.nat.tn/fr/ANTthekira/Lecteur_des_archives/La%20Tunisie%20Medicale-1922#page/114/mode/2up,
Before_1956,1922,,,118,36,https://search.archives.nat.tn/fr/ANTthekira/Lecteur_des_archives/La%20Tunisie%20Medicale-1922#page/118/mode/2up,
Before_1956,1922,,,119,37,https://search.archives.nat.tn/fr/ANTthekira/Lecteur_des_archives/La%20Tunisie%20Medicale-1922#page/119/mode/2up,
Before_1956,1922,,,121,38,https://search.archives.nat.tn/fr/ANTthekira/Lecteur_des_archives/La%20Tunisie%20Medicale-1922#page/121/mode/2up,
Before_1956,1922,,,125,39,https://search.archives.nat.tn/fr/ANTthekira/Lecteur_des_archives/La%20Tunisie%20Medicale-1922#page/125/mode/2up,
Before_1956,1922,,,132,40,https://search.archives.nat.tn/fr/ANTthekira/Lecteur_des_archives/La%20Tunisie%20Medicale-1922#page/132/mode/2up,
Before_1956,1922,,,141,41,https://search.archives.nat.tn/fr/ANTthekira/Lecteur_des_archives/La%20Tunisie%20Medicale-1922#page/141/mode/2up,
Before_1956,1922,,,143,42,https://search.archives.nat.tn/fr/ANTthekira/Lecteur_des_archives/La%20Tunisie%20Medicale-1922#page/143/mode/2up,
Before_1956,1922,,,144,43,https://search.archives.nat.tn/fr/ANTthekira/Lecteur_des_archives/La%20Tunisie%20Medicale-1922#page/144/mode/2up,
Before_1956,1922,,,145,44,https://search.archives.nat.tn/fr/ANTthekira/Lecteur_des_archives/La%20Tunisie%20Medicale-1922#page/145/mode/2up,
Before_1956,1922,,,146,45,https://search.archives.nat.tn/fr/ANTthekira/Lecteur_des_archives/La%20Tunisie%20Medicale-1922#page/146/mode/2up,
Before_1956,1922,,,146,46,https://search.archives.nat.tn/fr/ANTthekira/Lecteur_des_archives/La%20Tunisie%20Medicale-1922#page/146/mode/2up,
Before_1956,1922,,,147,47,https://search.archives.nat.tn/fr/ANTthekira/Lecteur_des_archives/La%20Tunisie%20Medicale-1922#page/147/mode/2up,
Before_1956,1922,,,149,48,https://search.archives.nat.tn/fr/ANTthekira/Lecteur_des_archives/La%20Tunisie%20Medicale-1922#page/149/mode/2up,
Before_1956,1922,,,155,49,https://search.archives.nat.tn/fr/ANTthekira/Lecteur_des_archives/La%20Tunisie%20Medicale-1922#page/155/mode/2up,
Before_1956,1922,,,158,50,https://search.archives.nat.tn/fr/ANTthekira/Lecteur_des_archives/La%20Tunisie%20Medicale-1922#page/158/mode/2up,
Before_1956,1922,,,162,51,https://search.archives.nat.tn/fr/ANTthekira/Lecteur_des_archives/La%20Tunisie%20Medicale-1922#page/162/mode/2up,
Before_1956,1922,,,167,52,https://search.archives.nat.tn/fr/ANTthekira/Lecteur_des_archives/La%20Tunisie%20Medicale-1922#page/167/mode/2up,
Before_1956,1922,,,173,53,https://search.archives.nat.tn/fr/ANTthekira/Lecteur_des_archives/La%20Tunisie%20Medicale-1922#page/173/mode/2up,
Before_1956,1922,,,176,54,https://search.archives.nat.tn/fr/ANTthekira/Lecteur_des_archives/La%20Tunisie%20Medicale-1922#page/176/mode/2up,
Before_1956,1922,,,177,55,https://search.archives.nat.tn/fr/ANTthekira/Lecteur_des_archives/La%20Tunisie%20Medicale-1922#page/177/mode/2up,
Before_1956,1922,,,178,56,https://search.archives.nat.tn/fr/ANTthekira/Lecteur_des_archives/La%20Tunisie%20Medicale-1922#page/178/mode/2up,
Before_1956,1922,,,180,57,https://search.archives.nat.tn/fr/ANTthekira/Lecteur_des_archives/La%20Tunisie%20Medicale-1922#page/180/mode/2up,
Before_1956,1922,,,182,58,https://search.archives.nat.tn/fr/ANTthekira/Lecteur_des_archives/La%20Tunisie%20Medicale-1922#page/182/mode/2up,
Before_1956,1922,,,183,59,https://search.archives.nat.tn/fr/ANTthekira/Lecteur_des_archives/La%20Tunisie%20Medicale-1922#page/183/mode/2up,
Before_1956,1922,,,184,60,https://search.archives.nat.tn/fr/ANTthekira/Lecteur_des_archives/La%20Tunisie%20Medicale-1922#page/184/mode/2up,
Before_1956,1922,,,185,61,https://search.archives.nat.tn/fr/ANTthekira/Lecteur_des_archives/La%20Tunisie%20Medicale-1922#page/185/mode/2up,
Before_1956,1922,,,190,62,https://search.archives.nat.tn/fr/ANTthekira/Lecteur_des_archives/La%20Tunisie%20Medicale-1922#page/190/mode/2up,
Before_1956,1922,,,194,63,https://search.archives.nat.tn/fr/ANTthekira/Lecteur_des_archives/La%20Tunisie%20Medicale-1922#page/194/mode/2up,
Before_1956,1922,,,198,64,https://search.archives.nat.tn/fr/ANTthekira/Lecteur_des_archives/La%20Tunisie%20Medicale-1922#page/198/mode/2up,
Before_1956,1922,,,201,65,https://search.archives.nat.tn/fr/ANTthekira/Lecteur_des_archives/La%20Tunisie%20Medicale-1922#page/201/mode/2up,
Before_1956,1922,,,204,66,https://search.archives.nat.tn/fr/ANTthekira/Lecteur_des_archives/La%20Tunisie%20Medicale-1922#page/204/mode/2up,
Before_1956,1922,,,207,67,https://search.archives.nat.tn/fr/ANTthekira/Lecteur_des_archives/La%20Tunisie%20Medicale-1922#page/207/mode/2up,
Before_1956,1922,,,209,68,https://search.archives.nat.tn/fr/ANTthekira/Lecteur_des_archives/La%20Tunisie%20Medicale-1922#page/209/mode/2up,
Before_1956,1922,,,211,69,https://search.archives.nat.tn/fr/ANTthekira/Lecteur_des_archives/La%20Tunisie%20Medicale-1922#page/211/mode/2up,
Before_1956,1922,,,217,70,https://search.archives.nat.tn/fr/ANTthekira/Lecteur_des_archives/La%20Tunisie%20Medicale-1922#page/217/mode/2up,
Before_1956,1922,,,218,71,https://search.archives.nat.tn/fr/ANTthekira/Lecteur_des_archives/La%20Tunisie%20Medicale-1922#page/218/mode/2up,
Before_1956,1922,,,219,72,https://search.archives.nat.tn/fr/ANTthekira/Lecteur_des_archives/La%20Tunisie%20Medicale-1922#page/219/mode/2up,
Before_1956,1922,,,220,73,https://search.archives.nat.tn/fr/ANTthekira/Lecteur_des_archives/La%20Tunisie%20Medicale-1922#page/220/mode/2up,
Before_1956,1922,,,221,74,https://search.archives.nat.tn/fr/ANTthekira/Lecteur_des_archives/La%20Tunisie%20Medicale-1922#page/221/mode/2up,
Before_1956,1922,,,222,75,https://search.archives.nat.tn/fr/ANTthekira/Lecteur_des_archives/La%20Tunisie%20Medicale-1922#page/222/mode/2up,
Before_1956,1922,,,223,76,https://search.archives.nat.tn/fr/ANTthekira/Lecteur_des_archives/La%20Tunisie%20Medicale-1922#page/223/mode/2up,
Before_1956,1922,,,223,77,https://search.archives.nat.tn/fr/ANTthekira/Lecteur_des_archives/La%20Tunisie%20Medicale-1922#page/223/mode/2up,
Before_1956,1922,,,224,78,https://search.archives.nat.tn/fr/ANTthekira/Lecteur_des_archives/La%20Tunisie%20Medicale-1922#page/224/mode/2up,
Before_1956,1922,,,229,79,https://search.archives.nat.tn/fr/ANTthekira/Lecteur_des_archives/La%20Tunisie%20Medicale-1922#page/229/mode/2up,
Before_1956,1922,,,232,80,https://search.archives.nat.tn/fr/ANTthekira/Lecteur_des_archives/La%20Tunisie%20Medicale-1922#page/232/mode/2up,
Before_1956,1922,,,243,81,https://search.archives.nat.tn/fr/ANTthekira/Lecteur_des_archives/La%20Tunisie%20Medicale-1922#page/243/mode/2up,
Before_1956,1922,,,249,82,https://search.archives.nat.tn/fr/ANTthekira/Lecteur_des_archives/La%20Tunisie%20Medicale-1922#page/249/mode/2up,
Before_1956,1922,,,253,83,https://search.archives.nat.tn/fr/ANTthekira/Lecteur_des_archives/La%20Tunisie%20Medicale-1922#page/253/mode/2up,
Before_1956,1922,,,261,84,https://search.archives.nat.tn/fr/ANTthekira/Lecteur_des_archives/La%20Tunisie%20Medicale-1922#page/261/mode/2up,
Before_1956,1922,,,266,85,https://search.archives.nat.tn/fr/ANTthekira/Lecteur_des_archives/La%20Tunisie%20Medicale-1922#page/266/mode/2up,
Before_1956,1922,,,268,86,https://search.archives.nat.tn/fr/ANTthekira/Lecteur_des_archives/La%20Tunisie%20Medicale-1922#page/268/mode/2up,
Before_1956,1922,,,270,87,https://search.archives.nat.tn/fr/ANTthekira/Lecteur_des_archives/La%20Tunisie%20Medicale-1922#page/270/mode/2up,
Before_1956,1922,,,275,88,https://search.archives.nat.tn/fr/ANTthekira/Lecteur_des_archives/La%20Tunisie%20Medicale-1922#page/275/mode/2up,
Before_1956,1922,,,287,89,https://search.archives.nat.tn/fr/ANTthekira/Lecteur_des_archives/La%20Tunisie%20Medicale-1922#page/287/mode/2up,
Before_1956,1922,,,292,90,https://search.archives.nat.tn/fr/ANTthekira/Lecteur_des_archives/La%20Tunisie%20Medicale-1922#page/292/mode/2up,
Before_1956,1922,,,294,91,https://search.archives.nat.tn/fr/ANTthekira/Lecteur_des_archives/La%20Tunisie%20Medicale-1922#page/294/mode/2up,
Before_1956,1922,,,296,92,https://search.archives.nat.tn/fr/ANTthekira/Lecteur_des_archives/La%20Tunisie%20Medicale-1922#page/296/mode/2up,
Before_1956,1922,,,298,93,https://search.archives.nat.tn/fr/ANTthekira/Lecteur_des_archives/La%20Tunisie%20Medicale-1922#page/298/mode/2up,
Before_1956,1922,,,300,94,https://search.archives.nat.tn/fr/ANTthekira/Lecteur_des_archives/La%20Tunisie%20Medicale-1922#page/300/mode/2up,
Before_1956,1922,,,308,95,https://search.archives.nat.tn/fr/ANTthekira/Lecteur_des_archives/La%20Tunisie%20Medicale-1922#page/308/mode/2up,
Before_1956,1922,,,313,96,https://search.archives.nat.tn/fr/ANTthekira/Lecteur_des_archives/La%20Tunisie%20Medicale-1922#page/313/mode/2up,
Before_1956,1922,,,315,97,https://search.archives.nat.tn/fr/ANTthekira/Lecteur_des_archives/La%20Tunisie%20Medicale-1922#page/315/mode/2up,
Before_1956,1922,,,319,98,https://search.archives.nat.tn/fr/ANTthekira/Lecteur_des_archives/La%20Tunisie%20Medicale-1922#page/319/mode/2up,
Before_1956,1922,,,320,99,https://search.archives.nat.tn/fr/ANTthekira/Lecteur_des_archives/La%20Tunisie%20Medicale-1922#page/320/mode/2up,
Before_1956,1922,,,321,100,https://search.archives.nat.tn/fr/ANTthekira/Lecteur_des_archives/La%20Tunisie%20Medicale-1922#page/321/mode/2up,
Before_1956,1922,,,322,101,https://search.archives.nat.tn/fr/ANTthekira/Lecteur_des_archives/La%20Tunisie%20Medicale-1922#page/322/mode/2up,
Before_1956,1922,,,322,102,https://search.archives.nat.tn/fr/ANTthekira/Lecteur_des_archives/La%20Tunisie%20Medicale-1922#page/322/mode/2up,
Before_1956,1922,,,323,103,https://search.archives.nat.tn/fr/ANTthekira/Lecteur_des_archives/La%20Tunisie%20Medicale-1922#page/323/mode/2up,
Before_1956,1922,,,323,104,https://search.archives.nat.tn/fr/ANTthekira/Lecteur_des_archives/La%20Tunisie%20Medicale-1922#page/323/mode/2up,
Before_1956,1922,,,325,105,https://search.archives.nat.tn/fr/ANTthekira/Lecteur_des_archives/La%20Tunisie%20Medicale-1922#page/325/mode/2up,
Before_1956,1922,,,327,106,https://search.archives.nat.tn/fr/ANTthekira/Lecteur_des_archives/La%20Tunisie%20Medicale-1922#page/327/mode/2up,
Before_1956,1922,,,333,107,https://search.archives.nat.tn/fr/ANTthekira/Lecteur_des_archives/La%20Tunisie%20Medicale-1922#page/333/mode/2up,
Before_1956,1922,,,336,108,https://search.archives.nat.tn/fr/ANTthekira/Lecteur_des_archives/La%20Tunisie%20Medicale-1922#page/336/mode/2up,
Before_1956,1922,,,341,109,https://search.archives.nat.tn/fr/ANTthekira/Lecteur_des_archives/La%20Tunisie%20Medicale-1922#page/341/mode/2up,
Before_1956,1922,,,348,110,https://search.archives.nat.tn/fr/ANTthekira/Lecteur_des_archives/La%20Tunisie%20Medicale-1922#page/348/mode/2up,
Before_1956,1922,,,364,111,https://search.archives.nat.tn/fr/ANTthekira/Lecteur_des_archives/La%20Tunisie%20Medicale-1922#page/364/mode/2up,
Before_1956,1922,,,369,112,https://search.archives.nat.tn/fr/ANTthekira/Lecteur_des_archives/La%20Tunisie%20Medicale-1922#page/369/mode/2up,
Before_1956,1922,,,371,113,https://search.archives.nat.tn/fr/ANTthekira/Lecteur_des_archives/La%20Tunisie%20Medicale-1922#page/371/mode/2up,
Before_1956,1922,,,384,114,https://search.archives.nat.tn/fr/ANTthekira/Lecteur_des_archives/La%20Tunisie%20Medicale-1922#page/384/mode/2up,
Before_1956,1922,,,393,115,https://search.archives.nat.tn/fr/ANTthekira/Lecteur_des_archives/La%20Tunisie%20Medicale-1922#page/393/mode/2up,
Before_1956,1922,,,404,116,https://search.archives.nat.tn/fr/ANTthekira/Lecteur_des_archives/La%20Tunisie%20Medicale-1922#page/404/mode/2up,
Before_1956,1922,,,408,117,https://search.archives.nat.tn/fr/ANTthekira/Lecteur_des_archives/La%20Tunisie%20Medicale-1922#page/408/mode/2up,
Before_1956,1922,,,411,118,https://search.archives.nat.tn/fr/ANTthekira/Lecteur_des_archives/La%20Tunisie%20Medicale-1922#page/411/mode/2up,
Before_1956,1922,,,415,119,https://search.archives.nat.tn/fr/ANTthekira/Lecteur_des_archives/La%20Tunisie%20Medicale-1922#page/415/mode/2up,
Before_1956,1922,,,419,120,https://search.archives.nat.tn/fr/ANTthekira/Lecteur_des_archives/La%20Tunisie%20Medicale-1922#page/419/mode/2up,
Before_1956,1922,,,420,121,https://search.archives.nat.tn/fr/ANTthekira/Lecteur_des_archives/La%20Tunisie%20Medicale-1922#page/420/mode/2up,
Before_1956,1922,,,420,122,https://search.archives.nat.tn/fr/ANTthekira/Lecteur_des_archives/La%20Tunisie%20Medicale-1922#page/420/mode/2up,
Before_1956,1922,,,431,123,https://search.archives.nat.tn/fr/ANTthekira/Lecteur_des_archives/La%20Tunisie%20Medicale-1922#page/431/mode/2up,
Before_1956,1922,,,455,124,https://search.archives.nat.tn/fr/ANTthekira/Lecteur_des_archives/La%20Tunisie%20Medicale-1922#page/455/mode/2up,
Before_1956,1922,,,457,125,https://search.archives.nat.tn/fr/ANTthekira/Lecteur_des_archives/La%20Tunisie%20Medicale-1922#page/457/mode/2up,
Before_1956,1922,,,464,126,https://search.archives.nat.tn/fr/ANTthekira/Lecteur_des_archives/La%20Tunisie%20Medicale-1922#page/464/mode/2up,
Before_1956,1922,,,466,127,https://search.archives.nat.tn/fr/ANTthekira/Lecteur_des_archives/La%20Tunisie%20Medicale-1922#page/466/mode/2up,
Before_1956,1922,,,467,128,https://search.archives.nat.tn/fr/ANTthekira/Lecteur_des_archives/La%20Tunisie%20Medicale-1922#page/467/mode/2up,
Before_1956,1922,,,469,129,https://search.archives.nat.tn/fr/ANTthekira/Lecteur_des_archives/La%20Tunisie%20Medicale-1922#page/469/mode/2up,
Before_1956,1922,,,470,130,https://search.archives.nat.tn/fr/ANTthekira/Lecteur_des_archives/La%20Tunisie%20Medicale-1922#page/470/mode/2up,
Before_1956,1922,,,471,131,https://search.archives.nat.tn/fr/ANTthekira/Lecteur_des_archives/La%20Tunisie%20Medicale-1922#page/471/mode/2up,
Before_1956,1922,,,477,132,https://search.archives.nat.tn/fr/ANTthekira/Lecteur_des_archives/La%20Tunisie%20Medicale-1922#page/477/mode/2up,
Before_1956,1922,,,490,133,https://search.archives.nat.tn/fr/ANTthekira/Lecteur_des_archives/La%20Tunisie%20Medicale-1922#page/490/mode/2up,
Before_1956,1922,,,492,134,https://search.archives.nat.tn/fr/ANTthekira/Lecteur_des_archives/La%20Tunisie%20Medicale-1922#page/492/mode/2up,
Before_1956,1922,,,505,135,https://search.archives.nat.tn/fr/ANTthekira/Lecteur_des_archives/La%20Tunisie%20Medicale-1922#page/505/mode/2up,
Before_1956,1922,,,511,136,https://search.archives.nat.tn/fr/ANTthekira/Lecteur_des_archives/La%20Tunisie%20Medicale-1922#page/511/mode/2up,
Before_1956,1922,,,518,137,https://search.archives.nat.tn/fr/ANTthekira/Lecteur_des_archives/La%20Tunisie%20Medicale-1922#page/518/mode/2up,
Before_1956,1922,,,521,138,https://search.archives.nat.tn/fr/ANTthekira/Lecteur_des_archives/La%20Tunisie%20Medicale-1922#page/521/mode/2up,
Before_1956,1922,,,522,139,https://search.archives.nat.tn/fr/ANTthekira/Lecteur_des_archives/La%20Tunisie%20Medicale-1922#page/522/mode/2up,
Before_1956,1922,,,522,140,https://search.archives.nat.tn/fr/ANTthekira/Lecteur_des_archives/La%20Tunisie%20Medicale-1922#page/522/mode/2up,
Before_1956,1922,,,523,141,https://search.archives.nat.tn/fr/ANTthekira/Lecteur_des_archives/La%20Tunisie%20Medicale-1922#page/523/mode/2up,
Before_1956,1922,,,527,142,https://search.archives.nat.tn/fr/ANTthekira/Lecteur_des_archives/La%20Tunisie%20Medicale-1922#page/527/mode/2up,
Before_1956,1922,,,537,143,https://search.archives.nat.tn/fr/ANTthekira/Lecteur_des_archives/La%20Tunisie%20Medicale-1922#page/537/mode/2up,
Before_1956,1922,,,544,144,https://search.archives.nat.tn/fr/ANTthekira/Lecteur_des_archives/La%20Tunisie%20Medicale-1922#page/544/mode/2up,
Before_1956,1922,,,548,145,https://search.archives.nat.tn/fr/ANTthekira/Lecteur_des_archives/La%20Tunisie%20Medicale-1922#page/548/mode/2up,
Before_1956,1922,,,552,146,https://search.archives.nat.tn/fr/ANTthekira/Lecteur_des_archives/La%20Tunisie%20Medicale-1922#page/552/mode/2up,
Before_1956,1922,,,556,147,https://search.archives.nat.tn/fr/ANTthekira/Lecteur_des_archives/La%20Tunisie%20Medicale-1922#page/556/mode/2up,
Before_1956,1922,,,566,148,https://search.archives.nat.tn/fr/ANTthekira/Lecteur_des_archives/La%20Tunisie%20Medicale-1922#page/566/mode/2up,
Before_1956,1921,,,1,1,https://search.archives.nat.tn/fr/ANTthekira/Lecteur_des_archives/La%20Tunisie%20Medicale-1921#page/1/mode/2up,
Before_1956,1921,,,8,2,https://search.archives.nat.tn/fr/ANTthekira/Lecteur_des_archives/La%20Tunisie%20Medicale-1921#page/8/mode/2up,
Before_1956,1921,,,10,3,https://search.archives.nat.tn/fr/ANTthekira/Lecteur_des_archives/La%20Tunisie%20Medicale-1921#page/10/mode/2up,
Before_1956,1921,,,22,4,https://search.archives.nat.tn/fr/ANTthekira/Lecteur_des_archives/La%20Tunisie%20Medicale-1921#page/22/mode/2up,
Before_1956,1921,,,43,5,https://search.archives.nat.tn/fr/ANTthekira/Lecteur_des_archives/La%20Tunisie%20Medicale-1921#page/43/mode/2up,
Before_1956,1921,,,50,6,https://search.archives.nat.tn/fr/ANTthekira/Lecteur_des_archives/La%20Tunisie%20Medicale-1921#page/50/mode/2up,
Before_1956,1921,,,58,7,https://search.archives.nat.tn/fr/ANTthekira/Lecteur_des_archives/La%20Tunisie%20Medicale-1921#page/58/mode/2up,
Before_1956,1921,,,61,8,https://search.archives.nat.tn/fr/ANTthekira/Lecteur_des_archives/La%20Tunisie%20Medicale-1921#page/61/mode/2up,
Before_1956,1921,,,63,9,https://search.archives.nat.tn/fr/ANTthekira/Lecteur_des_archives/La%20Tunisie%20Medicale-1921#page/63/mode/2up,
Before_1956,1921,,,72,10,https://search.archives.nat.tn/fr/ANTthekira/Lecteur_des_archives/La%20Tunisie%20Medicale-1921#page/72/mode/2up,
Before_1956,1921,,,79,11,https://search.archives.nat.tn/fr/ANTthekira/Lecteur_des_archives/La%20Tunisie%20Medicale-1921#page/79/mode/2up,
Before_1956,1921,,,91,12,https://search.archives.nat.tn/fr/ANTthekira/Lecteur_des_archives/La%20Tunisie%20Medicale-1921#page/91/mode/2up,
Before_1956,1921,,,97,13,https://search.archives.nat.tn/fr/ANTthekira/Lecteur_des_archives/La%20Tunisie%20Medicale-1921#page/97/mode/2up,
Before_1956,1921,,,102,14,https://search.archives.nat.tn/fr/ANTthekira/Lecteur_des_archives/La%20Tunisie%20Medicale-1921#page/102/mode/2up,
Before_1956,1921,,,106,15,https://search.archives.nat.tn/fr/ANTthekira/Lecteur_des_archives/La%20Tunisie%20Medicale-1921#page/106/mode/2up,
Before_1956,1921,,,121,16,https://search.archives.nat.tn/fr/ANTthekira/Lecteur_des_archives/La%20Tunisie%20Medicale-1921#page/121/mode/2up,
Before_1956,1921,,,132,17,https://search.archives.nat.tn/fr/ANTthekira/Lecteur_des_archives/La%20Tunisie%20Medicale-1921#page/132/mode/2up,
Before_1956,1921,,,135,18,https://search.archives.nat.tn/fr/ANTthekira/Lecteur_des_archives/La%20Tunisie%20Medicale-1921#page/135/mode/2up,
Before_1956,1921,,,142,19,https://search.archives.nat.tn/fr/ANTthekira/Lecteur_des_archives/La%20Tunisie%20Medicale-1921#page/142/mode/2up,
Before_1956,1921,,,144,20,https://search.archives.nat.tn/fr/ANTthekira/Lecteur_des_archives/La%20Tunisie%20Medicale-1921#page/144/mode/2up,
Before_1956,1921,,,149,21,https://search.archives.nat.tn/fr/ANTthekira/Lecteur_des_archives/La%20Tunisie%20Medicale-1921#page/149/mode/2up,
Before_1956,1921,,,150,22,https://search.archives.nat.tn/fr/ANTthekira/Lecteur_des_archives/La%20Tunisie%20Medicale-1921#page/150/mode/2up,
Before_1956,1921,,,151,23,https://search.archives.nat.tn/fr/ANTthekira/Lecteur_des_archives/La%20Tunisie%20Medicale-1921#page/151/mode/2up,
Before_1956,1921,,,159,24,https://search.archives.nat.tn/fr/ANTthekira/Lecteur_des_archives/La%20Tunisie%20Medicale-1921#page/159/mode/2up,
Before_1956,1921,,,163,25,https://search.archives.nat.tn/fr/ANTthekira/Lecteur_des_archives/La%20Tunisie%20Medicale-1921#page/163/mode/2up,
Before_1956,1921,,,167,26,https://search.archives.nat.tn/fr/ANTthekira/Lecteur_des_archives/La%20Tunisie%20Medicale-1921#page/167/mode/2up,
Before_1956,1921,,,169,27,https://search.archives.nat.tn/fr/ANTthekira/Lecteur_des_archives/La%20Tunisie%20Medicale-1921#page/169/mode/2up,
Before_1956,1921,,,172,28,https://search.archives.nat.tn/fr/ANTthekira/Lecteur_des_archives/La%20Tunisie%20Medicale-1921#page/172/mode/2up,
Before_1956,1921,,,193,29,https://search.archives.nat.tn/fr/ANTthekira/Lecteur_des_archives/La%20Tunisie%20Medicale-1921#page/193/mode/2up,
Before_1956,1921,,,201,30,https://search.archives.nat.tn/fr/ANTthekira/Lecteur_des_archives/La%20Tunisie%20Medicale-1921#page/201/mode/2up,
Before_1956,1921,,,209,31,https://search.archives.nat.tn/fr/ANTthekira/Lecteur_des_archives/La%20Tunisie%20Medicale-1921#page/209/mode/2up,
Before_1956,1921,,,211,32,https://search.archives.nat.tn/fr/ANTthekira/Lecteur_des_archives/La%20Tunisie%20Medicale-1921#page/211/mode/2up,
Before_1956,1921,,,213,33,https://search.archives.nat.tn/fr/ANTthekira/Lecteur_des_archives/La%20Tunisie%20Medicale-1921#page/213/mode/2up,
Before_1956,1921,,,216,34,https://search.archives.nat.tn/fr/ANTthekira/Lecteur_des_archives/La%20Tunisie%20Medicale-1921#page/216/mode/2up,
Before_1956,1921,,,223,35,https://search.archives.nat.tn/fr/ANTthekira/Lecteur_des_archives/La%20Tunisie%20Medicale-1921#page/223/mode/2up,
Before_1956,1921,,,231,36,https://search.archives.nat.tn/fr/ANTthekira/Lecteur_des_archives/La%20Tunisie%20Medicale-1921#page/231/mode/2up,
Before_1956,1921,,,235,37,https://search.archives.nat.tn/fr/ANTthekira/Lecteur_des_archives/La%20Tunisie%20Medicale-1921#page/235/mode/2up,
Before_1956,1921,,,239,38,https://search.archives.nat.tn/fr/ANTthekira/Lecteur_des_archives/La%20Tunisie%20Medicale-1921#page/239/mode/2up,
Before_1956,1921,,,240,39,https://search.archives.nat.tn/fr/ANTthekira/Lecteur_des_archives/La%20Tunisie%20Medicale-1921#page/240/mode/2up,
Before_1956,1921,,,241,40,https://search.archives.nat.tn/fr/ANTthekira/Lecteur_des_archives/La%20Tunisie%20Medicale-1921#page/241/mode/2up,
Before_1956,1921,,,245,41,https://search.archives.nat.tn/fr/ANTthekira/Lecteur_des_archives/La%20Tunisie%20Medicale-1921#page/245/mode/2up,
Before_1956,1921,,,253,42,https://search.archives.nat.tn/fr/ANTthekira/Lecteur_des_archives/La%20Tunisie%20Medicale-1921#page/253/mode/2up,
Before_1956,1921,,,256,43,https://search.archives.nat.tn/fr/ANTthekira/Lecteur_des_archives/La%20Tunisie%20Medicale-1921#page/256/mode/2up,
Before_1956,1921,,,258,44,https://search.archives.nat.tn/fr/ANTthekira/Lecteur_des_archives/La%20Tunisie%20Medicale-1921#page/258/mode/2up,
Before_1956,1921,,,261,45,https://search.archives.nat.tn/fr/ANTthekira/Lecteur_des_archives/La%20Tunisie%20Medicale-1921#page/261/mode/2up,
Before_1956,1921,,,269,46,https://search.archives.nat.tn/fr/ANTthekira/Lecteur_des_archives/La%20Tunisie%20Medicale-1921#page/269/mode/2up,
Before_1956,1921,,,278,47,https://search.archives.nat.tn/fr/ANTthekira/Lecteur_des_archives/La%20Tunisie%20Medicale-1921#page/278/mode/2up,
Before_1956,1921,,,283,48,https://search.archives.nat.tn/fr/ANTthekira/Lecteur_des_archives/La%20Tunisie%20Medicale-1921#page/283/mode/2up,
Before_1956,1921,,,292,49,https://search.archives.nat.tn/fr/ANTthekira/Lecteur_des_archives/La%20Tunisie%20Medicale-1921#page/292/mode/2up,
Before_1956,1921,,,305,50,https://search.archives.nat.tn/fr/ANTthekira/Lecteur_des_archives/La%20Tunisie%20Medicale-1921#page/305/mode/2up,
Before_1956,1921,,,314,51,https://search.archives.nat.tn/fr/ANTthekira/Lecteur_des_archives/La%20Tunisie%20Medicale-1921#page/314/mode/2up,
Before_1956,1921,,,315,52,https://search.archives.nat.tn/fr/ANTthekira/Lecteur_des_archives/La%20Tunisie%20Medicale-1921#page/315/mode/2up,
Before_1956,1921,,,324,53,https://search.archives.nat.tn/fr/ANTthekira/Lecteur_des_archives/La%20Tunisie%20Medicale-1921#page/324/mode/2up,
Before_1956,1921,,,326,54,https://search.archives.nat.tn/fr/ANTthekira/Lecteur_des_archives/La%20Tunisie%20Medicale-1921#page/326/mode/2up,
Before_1956,1921,,,328,55,https://search.archives.nat.tn/fr/ANTthekira/Lecteur_des_archives/La%20Tunisie%20Medicale-1921#page/328/mode/2up,
Before_1956,1921,,,333,56,https://search.archives.nat.tn/fr/ANTthekira/Lecteur_des_archives/La%20Tunisie%20Medicale-1921#page/333/mode/2up,
Before_1956,1921,,,337,57,https://search.archives.nat.tn/fr/ANTthekira/Lecteur_des_archives/La%20Tunisie%20Medicale-1921#page/337/mode/2up,
Before_1956,1921,,,340,58,https://search.archives.nat.tn/fr/ANTthekira/Lecteur_des_archives/La%20Tunisie%20Medicale-1921#page/340/mode/2up,
Before_1956,1921,,,341,59,https://search.archives.nat.tn/fr/ANTthekira/Lecteur_des_archives/La%20Tunisie%20Medicale-1921#page/341/mode/2up,
Before_1956,1921,,,350,60,https://search.archives.nat.tn/fr/ANTthekira/Lecteur_des_archives/La%20Tunisie%20Medicale-1921#page/350/mode/2up,
Before_1956,1921,,,352,61,https://search.archives.nat.tn/fr/ANTthekira/Lecteur_des_archives/La%20Tunisie%20Medicale-1921#page/352/mode/2up,
Before_1956,1921,,,359,62,https://search.archives.nat.tn/fr/ANTthekira/Lecteur_des_archives/La%20Tunisie%20Medicale-1921#page/359/mode/2up,
Before_1956,1921,,,359,63,https://search.archives.nat.tn/fr/ANTthekira/Lecteur_des_archives/La%20Tunisie%20Medicale-1921#page/359/mode/2up,
Before_1956,1921,,,360,64,https://search.archives.nat.tn/fr/ANTthekira/Lecteur_des_archives/La%20Tunisie%20Medicale-1921#page/360/mode/2up,
Before_1956,1921,,,360,65,https://search.archives.nat.tn/fr/ANTthekira/Lecteur_des_archives/La%20Tunisie%20Medicale-1921#page/360/mode/2up,
Before_1956,1921,,,371,66,https://search.archives.nat.tn/fr/ANTthekira/Lecteur_des_archives/La%20Tunisie%20Medicale-1921#page/371/mode/2up,
Before_1956,1921,,,392,67,https://search.archives.nat.tn/fr/ANTthekira/Lecteur_des_archives/La%20Tunisie%20Medicale-1921#page/392/mode/2up,
Before_1956,1921,,,397,68,https://search.archives.nat.tn/fr/ANTthekira/Lecteur_des_archives/La%20Tunisie%20Medicale-1921#page/397/mode/2up,
Before_1956,1921,,,405,69,https://search.archives.nat.tn/fr/ANTthekira/Lecteur_des_archives/La%20Tunisie%20Medicale-1921#page/405/mode/2up,
Before_1956,1921,,,408,70,https://search.archives.nat.tn/fr/ANTthekira/Lecteur_des_archives/La%20Tunisie%20Medicale-1921#page/408/mode/2up,
Before_1956,1921,,,411,71,https://search.archives.nat.tn/fr/ANTthekira/Lecteur_des_archives/La%20Tunisie%20Medicale-1921#page/411/mode/2up,
Before_1956,1921,,,413,72,https://search.archives.nat.tn/fr/ANTthekira/Lecteur_des_archives/La%20Tunisie%20Medicale-1921#page/413/mode/2up,
Before_1956,1921,,,419,73,https://search.archives.nat.tn/fr/ANTthekira/Lecteur_des_archives/La%20Tunisie%20Medicale-1921#page/419/mode/2up,
Before_1956,1921,,,422,74,https://search.archives.nat.tn/fr/ANTthekira/Lecteur_des_archives/La%20Tunisie%20Medicale-1921#page/422/mode/2up,
Before_1956,1921,,,428,75,https://search.archives.nat.tn/fr/ANTthekira/Lecteur_des_archives/La%20Tunisie%20Medicale-1921#page/428/mode/2up,
Before_1956,1921,,,444,76,https://search.archives.nat.tn/fr/ANTthekira/Lecteur_des_archives/La%20Tunisie%20Medicale-1921#page/444/mode/2up,
Before_1956,1921,,,462,77,https://search.archives.nat.tn/fr/ANTthekira/Lecteur_des_archives/La%20Tunisie%20Medicale-1921#page/462/mode/2up,
Before_1956,1921,,,468,78,https://search.archives.nat.tn/fr/ANTthekira/Lecteur_des_archives/La%20Tunisie%20Medicale-1921#page/468/mode/2up,
Before_1956,1921,,,470,79,https://search.archives.nat.tn/fr/ANTthekira/Lecteur_des_archives/La%20Tunisie%20Medicale-1921#page/470/mode/2up,
Before_1956,1921,,,482,80,https://search.archives.nat.tn/fr/ANTthekira/Lecteur_des_archives/La%20Tunisie%20Medicale-1921#page/482/mode/2up,
Before_1956,1921,,,500,81,https://search.archives.nat.tn/fr/ANTthekira/Lecteur_des_archives/La%20Tunisie%20Medicale-1921#page/500/mode/2up,
Before_1956,1921,,,506,82,https://search.archives.nat.tn/fr/ANTthekira/Lecteur_des_archives/La%20Tunisie%20Medicale-1921#page/506/mode/2up,
Before_1956,1921,,,512,83,https://search.archives.nat.tn/fr/ANTthekira/Lecteur_des_archives/La%20Tunisie%20Medicale-1921#page/512/mode/2up,
Before_1956,1921,,,513,84,https://search.archives.nat.tn/fr/ANTthekira/Lecteur_des_archives/La%20Tunisie%20Medicale-1921#page/513/mode/2up,
Before_1956,1921,,,513,85,https://search.archives.nat.tn/fr/ANTthekira/Lecteur_des_archives/La%20Tunisie%20Medicale-1921#page/513/mode/2up,
Before_1956,1921,,,514,86,https://search.archives.nat.tn/fr/ANTthekira/Lecteur_des_archives/La%20Tunisie%20Medicale-1921#page/514/mode/2up,
Before_1956,1921,,,536,87,https://search.archives.nat.tn/fr/ANTthekira/Lecteur_des_archives/La%20Tunisie%20Medicale-1921#page/536/mode/2up,
Before_1956,1921,,,553,88,https://search.archives.nat.tn/fr/ANTthekira/Lecteur_des_archives/La%20Tunisie%20Medicale-1921#page/553/mode/2up,
Before_1956,1921,,,563,89,https://search.archives.nat.tn/fr/ANTthekira/Lecteur_des_archives/La%20Tunisie%20Medicale-1921#page/563/mode/2up,
Before_1956,1921,,,566,90,https://search.archives.nat.tn/fr/ANTthekira/Lecteur_des_archives/La%20Tunisie%20Medicale-1921#page/566/mode/2up,
Before_1956,1921,,,573,91,https://search.archives.nat.tn/fr/ANTthekira/Lecteur_des_archives/La%20Tunisie%20Medicale-1921#page/573/mode/2up,
Before_1956,1921,,,577,92,https://search.archives.nat.tn/fr/ANTthekira/Lecteur_des_archives/La%20Tunisie%20Medicale-1921#page/577/mode/2up,
Before_1956,1921,,,577,93,https://search.archives.nat.tn/fr/ANTthekira/Lecteur_des_archives/La%20Tunisie%20Medicale-1921#page/577/mode/2up,
Before_1956,1921,,,578,94,https://search.archives.nat.tn/fr/ANTthekira/Lecteur_des_archives/La%20Tunisie%20Medicale-1921#page/578/mode/2up,
Before_1956,1921,,,587,95,https://search.archives.nat.tn/fr/ANTthekira/Lecteur_des_archives/La%20Tunisie%20Medicale-1921#page/587/mode/2up,
Before_1956,1921,,,590,96,https://search.archives.nat.tn/fr/ANTthekira/Lecteur_des_archives/La%20Tunisie%20Medicale-1921#page/590/mode/2up,
Before_1956,1921,,,593,97,https://search.archives.nat.tn/fr/ANTthekira/Lecteur_des_archives/La%20Tunisie%20Medicale-1921#page/593/mode/2up,
Before_1956,1921,,,595,98,https://search.archives.nat.tn/fr/ANTthekira/Lecteur_des_archives/La%20Tunisie%20Medicale-1921#page/595/mode/2up,
Before_1956,1921,,,605,99,https://search.archives.nat.tn/fr/ANTthekira/Lecteur_des_archives/La%20Tunisie%20Medicale-1921#page/605/mode/2up,
Before_1956,1921,,,611,100,https://search.archives.nat.tn/fr/ANTthekira/Lecteur_des_archives/La%20Tunisie%20Medicale-1921#page/611/mode/2up,
Before_1956,1921,,,611,101,https://search.archives.nat.tn/fr/ANTthekira/Lecteur_des_archives/La%20Tunisie%20Medicale-1921#page/611/mode/2up,
Before_1956,1921,,,619,102,https://search.archives.nat.tn/fr/ANTthekira/Lecteur_des_archives/La%20Tunisie%20Medicale-1921#page/619/mode/2up,
Before_1956,1921,,,623,103,https://search.archives.nat.tn/fr/ANTthekira/Lecteur_des_archives/La%20Tunisie%20Medicale-1921#page/623/mode/2up,
Before_1956,1921,,,635,104,https://search.archives.nat.tn/fr/ANTthekira/Lecteur_des_archives/La%20Tunisie%20Medicale-1921#page/635/mode/2up,
Before_1956,1921,,,638,105,https://search.archives.nat.tn/fr/ANTthekira/Lecteur_des_archives/La%20Tunisie%20Medicale-1921#page/638/mode/2up,
Before_1956,1921,,,640,106,https://search.archives.nat.tn/fr/ANTthekira/Lecteur_des_archives/La%20Tunisie%20Medicale-1921#page/640/mode/2up,
Before_1956,1921,,,641,107,https://search.archives.nat.tn/fr/ANTthekira/Lecteur_des_archives/La%20Tunisie%20Medicale-1921#page/641/mode/2up,
Before_1956,1921,,,651,108,https://search.archives.nat.tn/fr/ANTthekira/Lecteur_des_archives/La%20Tunisie%20Medicale-1921#page/651/mode/2up,
Before_1956,1921,,,664,109,https://search.archives.nat.tn/fr/ANTthekira/Lecteur_des_archives/La%20Tunisie%20Medicale-1921#page/664/mode/2up,
Before_1956,1921,,,667,110,https://search.archives.nat.tn/fr/ANTthekira/Lecteur_des_archives/La%20Tunisie%20Medicale-1921#page/667/mode/2up,
Before_1956,1921,,,667,111,https://search.archives.nat.tn/fr/ANTthekira/Lecteur_des_archives/La%20Tunisie%20Medicale-1921#page/667/mode/2up,
Before_1956,1921,,,691,112,https://search.archives.nat.tn/fr/ANTthekira/Lecteur_des_archives/La%20Tunisie%20Medicale-1921#page/691/mode/2up,
Before_1956,1921,,,693,113,https://search.archives.nat.tn/fr/ANTthekira/Lecteur_des_archives/La%20Tunisie%20Medicale-1921#page/693/mode/2up,
Before_1956,1921,,,708,114,https://search.archives.nat.tn/fr/ANTthekira/Lecteur_des_archives/La%20Tunisie%20Medicale-1921#page/708/mode/2up,
Before_1956,1921,,,716,115,https://search.archives.nat.tn/fr/ANTthekira/Lecteur_des_archives/La%20Tunisie%20Medicale-1921#page/716/mode/2up,
Before_1956,1921,,,716,116,https://search.archives.nat.tn/fr/ANTthekira/Lecteur_des_archives/La%20Tunisie%20Medicale-1921#page/716/mode/2up,
Before_1956,1921,,,716,117,https://search.archives.nat.tn/fr/ANTthekira/Lecteur_des_archives/La%20Tunisie%20Medicale-1921#page/716/mode/2up,
Before_1956,1921,,,717,118,https://search.archives.nat.tn/fr/ANTthekira/Lecteur_des_archives/La%20Tunisie%20Medicale-1921#page/717/mode/2up,
Before_1956,1921,,,718,119,https://search.archives.nat.tn/fr/ANTthekira/Lecteur_des_archives/La%20Tunisie%20Medicale-1921#page/718/mode/2up,
Before_1956,1921,,,737,120,https://search.archives.nat.tn/fr/ANTthekira/Lecteur_des_archives/La%20Tunisie%20Medicale-1921#page/737/mode/2up,
Before_1956,1921,,,744,121,https://search.archives.nat.tn/fr/ANTthekira/Lecteur_des_archives/La%20Tunisie%20Medicale-1921#page/744/mode/2up,
Before_1956,1921,,,753,122,https://search.archives.nat.tn/fr/ANTthekira/Lecteur_des_archives/La%20Tunisie%20Medicale-1921#page/753/mode/2up,
Before_1956,1921,,,754,123,https://search.archives.nat.tn/fr/ANTthekira/Lecteur_des_archives/La%20Tunisie%20Medicale-1921#page/754/mode/2up,
Before_1956,1921,,,765,124,https://search.archives.nat.tn/fr/ANTthekira/Lecteur_des_archives/La%20Tunisie%20Medicale-1921#page/765/mode/2up,
Before_1956,1921,,,774,125,https://search.archives.nat.tn/fr/ANTthekira/Lecteur_des_archives/La%20Tunisie%20Medicale-1921#page/774/mode/2up,
Before_1956,1921,,,791,126,https://search.archives.nat.tn/fr/ANTthekira/Lecteur_des_archives/La%20Tunisie%20Medicale-1921#page/791/mode/2up,
Before_1956,1921,,,800,127,https://search.archives.nat.tn/fr/ANTthekira/Lecteur_des_archives/La%20Tunisie%20Medicale-1921#page/800/mode/2up,
Before_1956,1921,,,805,128,https://search.archives.nat.tn/fr/ANTthekira/Lecteur_des_archives/La%20Tunisie%20Medicale-1921#page/805/mode/2up,
Before_1956,1921,,,810,129,https://search.archives.nat.tn/fr/ANTthekira/Lecteur_des_archives/La%20Tunisie%20Medicale-1921#page/810/mode/2up,
Before_1956,1921,,,814,130,https://search.archives.nat.tn/fr/ANTthekira/Lecteur_des_archives/La%20Tunisie%20Medicale-1921#page/814/mode/2up,
Before_1956,1921,,,817,131,https://search.archives.nat.tn/fr/ANTthekira/Lecteur_des_archives/La%20Tunisie%20Medicale-1921#page/817/mode/2up,
Before_1956,1921,,,819,132,https://search.archives.nat.tn/fr/ANTthekira/Lecteur_des_archives/La%20Tunisie%20Medicale-1921#page/819/mode/2up,
Before_1956,1921,,,819,133,https://search.archives.nat.tn/fr/ANTthekira/Lecteur_des_archives/La%20Tunisie%20Medicale-1921#page/819/mode/2up,
Before_1956,1921,,,820,134,https://search.archives.nat.tn/fr/ANTthekira/Lecteur_des_archives/La%20Tunisie%20Medicale-1921#page/820/mode/2up,
Before_1956,1920,18,2,2,1,https://search.archives.nat.tn/fr/ANTthekira/Lecteur_des_archives/La%20Tunisie%20Medicale-1920#page/2/mode/2up,
Before_1956,1920,18,3,12,2,https://search.archives.nat.tn/fr/ANTthekira/Lecteur_des_archives/La%20Tunisie%20Medicale-1920#page/12/mode/2up,
Before_1956,1920,18,4,27,3,https://search.archives.nat.tn/fr/ANTthekira/Lecteur_des_archives/La%20Tunisie%20Medicale-1920#page/27/mode/2up,
Before_1956,1920,18,5,46,4,https://search.archives.nat.tn/fr/ANTthekira/Lecteur_des_archives/La%20Tunisie%20Medicale-1920#page/46/mode/2up,
Before_1956,1920,18,6,61,5,https://search.archives.nat.tn/fr/ANTthekira/Lecteur_des_archives/La%20Tunisie%20Medicale-1920#page/61/mode/2up,
Before_1956,1920,18,1,65,6,https://search.archives.nat.tn/fr/ANTthekira/Lecteur_des_archives/La%20Tunisie%20Medicale-1920#page/65/mode/2up,
Before_1956,1920,18,2,71,7,https://search.archives.nat.tn/fr/ANTthekira/Lecteur_des_archives/La%20Tunisie%20Medicale-1920#page/71/mode/2up,
Before_1956,1920,18,3,74,8,https://search.archives.nat.tn/fr/ANTthekira/Lecteur_des_archives/La%20Tunisie%20Medicale-1920#page/74/mode/2up,
Before_1956,1920,18,4,77,9,https://search.archives.nat.tn/fr/ANTthekira/Lecteur_des_archives/La%20Tunisie%20Medicale-1920#page/77/mode/2up,
Before_1956,1920,18,5,85,10,https://search.archives.nat.tn/fr/ANTthekira/Lecteur_des_archives/La%20Tunisie%20Medicale-1920#page/85/mode/2up,
Before_1956,1920,18,6,97,11,https://search.archives.nat.tn/fr/ANTthekira/Lecteur_des_archives/La%20Tunisie%20Medicale-1920#page/97/mode/2up,
Before_1956,1920,18,1,109,12,https://search.archives.nat.tn/fr/ANTthekira/Lecteur_des_archives/La%20Tunisie%20Medicale-1920#page/109/mode/2up,
Before_1956,1920,,,116,13,https://search.archives.nat.tn/fr/ANTthekira/Lecteur_des_archives/La%20Tunisie%20Medicale-1920#page/116/mode/2up,
Before_1956,1920,,,121,14,https://search.archives.nat.tn/fr/ANTthekira/Lecteur_des_archives/La%20Tunisie%20Medicale-1920#page/121/mode/2up,
Before_1956,1920,,,123,15,https://search.archives.nat.tn/fr/ANTthekira/Lecteur_des_archives/La%20Tunisie%20Medicale-1920#page/123/mode/2up,
Before_1956,1920,,,131,16,https://search.archives.nat.tn/fr/ANTthekira/Lecteur_des_archives/La%20Tunisie%20Medicale-1920#page/131/mode/2up,
Before_1956,1920,,,132,17,https://search.archives.nat.tn/fr/ANTthekira/Lecteur_des_archives/La%20Tunisie%20Medicale-1920#page/132/mode/2up,
Before_1956,1920,,,132,18,https://search.archives.nat.tn/fr/ANTthekira/Lecteur_des_archives/La%20Tunisie%20Medicale-1920#page/132/mode/2up,
Before_1956,1920,,,133,19,https://search.archives.nat.tn/fr/ANTthekira/Lecteur_des_archives/La%20Tunisie%20Medicale-1920#page/133/mode/2up,
Before_1956,1920,,,133,20,https://search.archives.nat.tn/fr/ANTthekira/Lecteur_des_archives/La%20Tunisie%20Medicale-1920#page/133/mode/2up,
Before_1956,1920,,,134,21,https://search.archives.nat.tn/fr/ANTthekira/Lecteur_des_archives/La%20Tunisie%20Medicale-1920#page/134/mode/2up,
Before_1956,1920,,,147,22,https://search.archives.nat.tn/fr/ANTthekira/Lecteur_des_archives/La%20Tunisie%20Medicale-1920#page/147/mode/2up,
Before_1956,1920,,,153,23,https://search.archives.nat.tn/fr/ANTthekira/Lecteur_des_archives/La%20Tunisie%20Medicale-1920#page/153/mode/2up,
Before_1956,1920,,,168,24,https://search.archives.nat.tn/fr/ANTthekira/Lecteur_des_archives/La%20Tunisie%20Medicale-1920#page/168/mode/2up,
Before_1956,1920,,,172,25,https://search.archives.nat.tn/fr/ANTthekira/Lecteur_des_archives/La%20Tunisie%20Medicale-1920#page/172/mode/2up,
Before_1956,1920,,,172,26,https://search.archives.nat.tn/fr/ANTthekira/Lecteur_des_archives/La%20Tunisie%20Medicale-1920#page/172/mode/2up,
Before_1956,1920,,,174,27,https://search.archives.nat.tn/fr/ANTthekira/Lecteur_des_archives/La%20Tunisie%20Medicale-1920#page/174/mode/2up,
Before_1956,1920,,,187,28,https://search.archives.nat.tn/fr/ANTthekira/Lecteur_des_archives/La%20Tunisie%20Medicale-1920#page/187/mode/2up,
Before_1956,1920,,,200,29,https://search.archives.nat.tn/fr/ANTthekira/Lecteur_des_archives/La%20Tunisie%20Medicale-1920#page/200/mode/2up,
Before_1956,1920,,,204,30,https://search.archives.nat.tn/fr/ANTthekira/Lecteur_des_archives/La%20Tunisie%20Medicale-1920#page/204/mode/2up,
Before_1956,1920,,,208,31,https://search.archives.nat.tn/fr/ANTthekira/Lecteur_des_archives/La%20Tunisie%20Medicale-1920#page/208/mode/2up,
Before_1956,1920,,,209,32,https://search.archives.nat.tn/fr/ANTthekira/Lecteur_des_archives/La%20Tunisie%20Medicale-1920#page/209/mode/2up,
Before_1956,1920,,,209,33,https://search.archives.nat.tn/fr/ANTthekira/Lecteur_des_archives/La%20Tunisie%20Medicale-1920#page/209/mode/2up,
Before_1956,1920,,,219,34,https://search.archives.nat.tn/fr/ANTthekira/Lecteur_des_archives/La%20Tunisie%20Medicale-1920#page/219/mode/2up,
Before_1956,1920,,,228,35,https://search.archives.nat.tn/fr/ANTthekira/Lecteur_des_archives/La%20Tunisie%20Medicale-1920#page/228/mode/2up,
Before_1956,1920,,,232,36,https://search.archives.nat.tn/fr/ANTthekira/Lecteur_des_archives/La%20Tunisie%20Medicale-1920#page/232/mode/2up,
Before_1956,1920,,,238,37,https://search.archives.nat.tn/fr/ANTthekira/Lecteur_des_archives/La%20Tunisie%20Medicale-1920#page/238/mode/2up,
Before_1956,1920,,,239,38,https://search.archives.nat.tn/fr/ANTthekira/Lecteur_des_archives/La%20Tunisie%20Medicale-1920#page/239/mode/2up,
Before_1956,1920,,,239,39,https://search.archives.nat.tn/fr/ANTthekira/Lecteur_des_archives/La%20Tunisie%20Medicale-1920#page/239/mode/2up,
Before_1956,1920,,,249,40,https://search.archives.nat.tn/fr/ANTthekira/Lecteur_des_archives/La%20Tunisie%20Medicale-1920#page/249/mode/2up,
Before_1956,1920,,,259,41,https://search.archives.nat.tn/fr/ANTthekira/Lecteur_des_archives/La%20Tunisie%20Medicale-1920#page/259/mode/2up,
Before_1956,1920,,,266,42,https://search.archives.nat.tn/fr/ANTthekira/Lecteur_des_archives/La%20Tunisie%20Medicale-1920#page/266/mode/2up,
Before_1956,1920,,,279,43,https://search.archives.nat.tn/fr/ANTthekira/Lecteur_des_archives/La%20Tunisie%20Medicale-1920#page/279/mode/2up,
Before_1956,1920,,,293,44,https://search.archives.nat.tn/fr/ANTthekira/Lecteur_des_archives/La%20Tunisie%20Medicale-1920#page/293/mode/2up,
Before_1956,1920,,,296,45,https://search.archives.nat.tn/fr/ANTthekira/Lecteur_des_archives/La%20Tunisie%20Medicale-1920#page/296/mode/2up,
Before_1956,1920,,,297,46,https://search.archives.nat.tn/fr/ANTthekira/Lecteur_des_archives/La%20Tunisie%20Medicale-1920#page/297/mode/2up,
Before_1956,1919,,,1,1,https://search.archives.nat.tn/fr/ANTthekira/Lecteur_des_archives/La%20Tunisie%20Medicale-1919#page/1/mode/2up,
Before_1956,1919,,,7,2,https://search.archives.nat.tn/fr/ANTthekira/Lecteur_des_archives/La%20Tunisie%20Medicale-1919#page/7/mode/2up,
Before_1956,1919,,,10,3,https://search.archives.nat.tn/fr/ANTthekira/Lecteur_des_archives/La%20Tunisie%20Medicale-1919#page/10/mode/2up,
Before_1956,1919,,,15,4,https://search.archives.nat.tn/fr/ANTthekira/Lecteur_des_archives/La%20Tunisie%20Medicale-1919#page/15/mode/2up,
Before_1956,1919,,,33,5,https://search.archives.nat.tn/fr/ANTthekira/Lecteur_des_archives/La%20Tunisie%20Medicale-1919#page/33/mode/2up,
Before_1956,1919,,,36,6,https://search.archives.nat.tn/fr/ANTthekira/Lecteur_des_archives/La%20Tunisie%20Medicale-1919#page/36/mode/2up,
Before_1956,1919,,,41,7,https://search.archives.nat.tn/fr/ANTthekira/Lecteur_des_archives/La%20Tunisie%20Medicale-1919#page/41/mode/2up,
Before_1956,1919,,,44,8,https://search.archives.nat.tn/fr/ANTthekira/Lecteur_des_archives/La%20Tunisie%20Medicale-1919#page/44/mode/2up,
Before_1956,1919,,,46,9,https://search.archives.nat.tn/fr/ANTthekira/Lecteur_des_archives/La%20Tunisie%20Medicale-1919#page/46/mode/2up,
Before_1956,1919,,,51,10,https://search.archives.nat.tn/fr/ANTthekira/Lecteur_des_archives/La%20Tunisie%20Medicale-1919#page/51/mode/2up,
Before_1956,1919,,,54,11,https://search.archives.nat.tn/fr/ANTthekira/Lecteur_des_archives/La%20Tunisie%20Medicale-1919#page/54/mode/2up,
Before_1956,1919,,,57,12,https://search.archives.nat.tn/fr/ANTthekira/Lecteur_des_archives/La%20Tunisie%20Medicale-1919#page/57/mode/2up,
Before_1956,1919,,,61,13,https://search.archives.nat.tn/fr/ANTthekira/Lecteur_des_archives/La%20Tunisie%20Medicale-1919#page/61/mode/2up,
Before_1956,1919,,,66,14,https://search.archives.nat.tn/fr/ANTthekira/Lecteur_des_archives/La%20Tunisie%20Medicale-1919#page/66/mode/2up,
Before_1956,1919,,,70,15,https://search.archives.nat.tn/fr/ANTthekira/Lecteur_des_archives/La%20Tunisie%20Medicale-1919#page/70/mode/2up,
Before_1956,1919,,,75,16,https://search.archives.nat.tn/fr/ANTthekira/Lecteur_des_archives/La%20Tunisie%20Medicale-1919#page/75/mode/2up,
Before_1956,1919,,,80,17,https://search.archives.nat.tn/fr/ANTthekira/Lecteur_des_archives/La%20Tunisie%20Medicale-1919#page/80/mode/2up,
Before_1956,1919,,,81,18,https://search.archives.nat.tn/fr/ANTthekira/Lecteur_des_archives/La%20Tunisie%20Medicale-1919#page/81/mode/2up,
Before_1956,1919,,,83,19,https://search.archives.nat.tn/fr/ANTthekira/Lecteur_des_archives/La%20Tunisie%20Medicale-1919#page/83/mode/2up,
Before_1956,1919,,,86,20,https://search.archives.nat.tn/fr/ANTthekira/Lecteur_des_archives/La%20Tunisie%20Medicale-1919#page/86/mode/2up,
Before_1956,1919,,,92,21,https://search.archives.nat.tn/fr/ANTthekira/Lecteur_des_archives/La%20Tunisie%20Medicale-1919#page/92/mode/2up,
Before_1956,1919,,,93,22,https://search.archives.nat.tn/fr/ANTthekira/Lecteur_des_archives/La%20Tunisie%20Medicale-1919#page/93/mode/2up,
Before_1956,1919,,,97,23,https://search.archives.nat.tn/fr/ANTthekira/Lecteur_des_archives/La%20Tunisie%20Medicale-1919#page/97/mode/2up,
Before_1956,1919,,,102,24,https://search.archives.nat.tn/fr/ANTthekira/Lecteur_des_archives/La%20Tunisie%20Medicale-1919#page/102/mode/2up,
Before_1956,1919,,,107,25,https://search.archives.nat.tn/fr/ANTthekira/Lecteur_des_archives/La%20Tunisie%20Medicale-1919#page/107/mode/2up,
Before_1956,1919,,,111,26,https://search.archives.nat.tn/fr/ANTthekira/Lecteur_des_archives/La%20Tunisie%20Medicale-1919#page/111/mode/2up,
Before_1956,1919,,,113,27,https://search.archives.nat.tn/fr/ANTthekira/Lecteur_des_archives/La%20Tunisie%20Medicale-1919#page/113/mode/2up,
Before_1956,1919,,,121,28,https://search.archives.nat.tn/fr/ANTthekira/Lecteur_des_archives/La%20Tunisie%20Medicale-1919#page/121/mode/2up,
Before_1956,1919,,,122,29,https://search.archives.nat.tn/fr/ANTthekira/Lecteur_des_archives/La%20Tunisie%20Medicale-1919#page/122/mode/2up,
Before_1956,1919,,,125,30,https://search.archives.nat.tn/fr/ANTthekira/Lecteur_des_archives/La%20Tunisie%20Medicale-1919#page/125/mode/2up,
Before_1956,1919,,,127,31,https://search.archives.nat.tn/fr/ANTthekira/Lecteur_des_archives/La%20Tunisie%20Medicale-1919#page/127/mode/2up,
Before_1956,1919,,,132,32,https://search.archives.nat.tn/fr/ANTthekira/Lecteur_des_archives/La%20Tunisie%20Medicale-1919#page/132/mode/2up,
Before_1956,1919,,,136,33,https://search.archives.nat.tn/fr/ANTthekira/Lecteur_des_archives/La%20Tunisie%20Medicale-1919#page/136/mode/2up,
Before_1956,1919,,,147,34,https://search.archives.nat.tn/fr/ANTthekira/Lecteur_des_archives/La%20Tunisie%20Medicale-1919#page/147/mode/2up,
Before_1956,1919,,,149,35,https://search.archives.nat.tn/fr/ANTthekira/Lecteur_des_archives/La%20Tunisie%20Medicale-1919#page/149/mode/2up,
Before_1956,1919,,,164,36,https://search.archives.nat.tn/fr/ANTthekira/Lecteur_des_archives/La%20Tunisie%20Medicale-1919#page/164/mode/2up,
Before_1956,1919,,,169,37,https://search.archives.nat.tn/fr/ANTthekira/Lecteur_des_archives/La%20Tunisie%20Medicale-1919#page/169/mode/2up,
Before_1956,1919,,,176,38,https://search.archives.nat.tn/fr/ANTthekira/Lecteur_des_archives/La%20Tunisie%20Medicale-1919#page/176/mode/2up,
Before_1956,1919,,,180,39,https://search.archives.nat.tn/fr/ANTthekira/Lecteur_des_archives/La%20Tunisie%20Medicale-1919#page/180/mode/2up,
Before_1956,1919,,,187,40,https://search.archives.nat.tn/fr/ANTthekira/Lecteur_des_archives/La%20Tunisie%20Medicale-1919#page/187/mode/2up,
Before_1956,1919,,,188,41,https://search.archives.nat.tn/fr/ANTthekira/Lecteur_des_archives/La%20Tunisie%20Medicale-1919#page/188/mode/2up,
Before_1956,1912,10,2,1,1,https://search.archives.nat.tn/fr/ANTthekira/Lecteur_des_archives/La%20Tunisie%20Medicale-1912#page/1/mode/2up,
Before_1956,1912,10,3,9,2,https://search.archives.nat.tn/fr/ANTthekira/Lecteur_des_archives/La%20Tunisie%20Medicale-1912#page/9/mode/2up,
Before_1956,1912,10,4,18,3,https://search.archives.nat.tn/fr/ANTthekira/Lecteur_des_archives/La%20Tunisie%20Medicale-1912#page/18/mode/2up,
Before_1956,1912,10,5,19,4,https://search.archives.nat.tn/fr/ANTthekira/Lecteur_des_archives/La%20Tunisie%20Medicale-1912#page/19/mode/2up,
Before_1956,1912,10,1,20,5,https://search.archives.nat.tn/fr/ANTthekira/Lecteur_des_archives/La%20Tunisie%20Medicale-1912#page/20/mode/2up,
Before_1956,1912,10,1,20,6,https://search.archives.nat.tn/fr/ANTthekira/Lecteur_des_archives/La%20Tunisie%20Medicale-1912#page/20/mode/2up,
Before_1956,1912,10,3,21,7,https://search.archives.nat.tn/fr/ANTthekira/Lecteur_des_archives/La%20Tunisie%20Medicale-1912#page/21/mode/2up,
Before_1956,1912,10,3,21,8,https://search.archives.nat.tn/fr/ANTthekira/Lecteur_des_archives/La%20Tunisie%20Medicale-1912#page/21/mode/2up,
Before_1956,1912,10,4,33,9,https://search.archives.nat.tn/fr/ANTthekira/Lecteur_des_archives/La%20Tunisie%20Medicale-1912#page/33/mode/2up,
Before_1956,1912,10,5,46,10,https://search.archives.nat.tn/fr/ANTthekira/Lecteur_des_archives/La%20Tunisie%20Medicale-1912#page/46/mode/2up,
Before_1956,1912,10,6,49,11,https://search.archives.nat.tn/fr/ANTthekira/Lecteur_des_archives/La%20Tunisie%20Medicale-1912#page/49/mode/2up,
Before_1956,1912,10,1,57,12,https://search.archives.nat.tn/fr/ANTthekira/Lecteur_des_archives/La%20Tunisie%20Medicale-1912#page/57/mode/2up,
Before_1956,1912,,,58,13,https://search.archives.nat.tn/fr/ANTthekira/Lecteur_des_archives/La%20Tunisie%20Medicale-1912#page/58/mode/2up,
Before_1956,1912,,,58,14,https://search.archives.nat.tn/fr/ANTthekira/Lecteur_des_archives/La%20Tunisie%20Medicale-1912#page/58/mode/2up,
Before_1956,1912,,,59,15,https://search.archives.nat.tn/fr/ANTthekira/Lecteur_des_archives/La%20Tunisie%20Medicale-1912#page/59/mode/2up,
Before_1956,1912,,,69,16,https://search.archives.nat.tn/fr/ANTthekira/Lecteur_des_archives/La%20Tunisie%20Medicale-1912#page/69/mode/2up,
Before_1956,1912,,,80,17,https://search.archives.nat.tn/fr/ANTthekira/Lecteur_des_archives/La%20Tunisie%20Medicale-1912#page/80/mode/2up,
Before_1956,1912,,,86,18,https://search.archives.nat.tn/fr/ANTthekira/Lecteur_des_archives/La%20Tunisie%20Medicale-1912#page/86/mode/2up,
Before_1956,1912,,,89,19,https://search.archives.nat.tn/fr/ANTthekira/Lecteur_des_archives/La%20Tunisie%20Medicale-1912#page/89/mode/2up,
Before_1956,1912,,,89,20,https://search.archives.nat.tn/fr/ANTthekira/Lecteur_des_archives/La%20Tunisie%20Medicale-1912#page/89/mode/2up,
Before_1956,1912,,,90,21,https://search.archives.nat.tn/fr/ANTthekira/Lecteur_des_archives/La%20Tunisie%20Medicale-1912#page/90/mode/2up,
Before_1956,1912,,,91,22,https://search.archives.nat.tn/fr/ANTthekira/Lecteur_des_archives/La%20Tunisie%20Medicale-1912#page/91/mode/2up,
Before_1956,1912,,,91,23,https://search.archives.nat.tn/fr/ANTthekira/Lecteur_des_archives/La%20Tunisie%20Medicale-1912#page/91/mode/2up,
Before_1956,1912,,,91,24,https://search.archives.nat.tn/fr/ANTthekira/Lecteur_des_archives/La%20Tunisie%20Medicale-1912#page/91/mode/2up,
Before_1956,1912,,,92,25,https://search.archives.nat.tn/fr/ANTthekira/Lecteur_des_archives/La%20Tunisie%20Medicale-1912#page/92/mode/2up,
Before_1956,1912,,,92,26,https://search.archives.nat.tn/fr/ANTthekira/Lecteur_des_archives/La%20Tunisie%20Medicale-1912#page/92/mode/2up,
Before_1956,1912,,,93,27,https://search.archives.nat.tn/fr/ANTthekira/Lecteur_des_archives/La%20Tunisie%20Medicale-1912#page/93/mode/2up,
Before_1956,1912,,,93,28,https://search.archives.nat.tn/fr/ANTthekira/Lecteur_des_archives/La%20Tunisie%20Medicale-1912#page/93/mode/2up,
Before_1956,1912,,,101,29,https://search.archives.nat.tn/fr/ANTthekira/Lecteur_des_archives/La%20Tunisie%20Medicale-1912#page/101/mode/2up,
Before_1956,1912,,,121,30,https://search.archives.nat.tn/fr/ANTthekira/Lecteur_des_archives/La%20Tunisie%20Medicale-1912#page/121/mode/2up,
Before_1956,1912,,,122,31,https://search.archives.nat.tn/fr/ANTthekira/Lecteur_des_archives/La%20Tunisie%20Medicale-1912#page/122/mode/2up,
Before_1956,1912,,,123,32,https://search.archives.nat.tn/fr/ANTthekira/Lecteur_des_archives/La%20Tunisie%20Medicale-1912#page/123/mode/2up,
Before_1956,1912,,,123,33,https://search.archives.nat.tn/fr/ANTthekira/Lecteur_des_archives/La%20Tunisie%20Medicale-1912#page/123/mode/2up,
Before_1956,1912,,,124,34,https://search.archives.nat.tn/fr/ANTthekira/Lecteur_des_archives/La%20Tunisie%20Medicale-1912#page/124/mode/2up,
Before_1956,1912,,,126,35,https://search.archives.nat.tn/fr/ANTthekira/Lecteur_des_archives/La%20Tunisie%20Medicale-1912#page/126/mode/2up,
Before_1956,1912,,,137,36,https://search.archives.nat.tn/fr/ANTthekira/Lecteur_des_archives/La%20Tunisie%20Medicale-1912#page/137/mode/2up,
Before_1956,1912,,,141,37,https://search.archives.nat.tn/fr/ANTthekira/Lecteur_des_archives/La%20Tunisie%20Medicale-1912#page/141/mode/2up,
Before_1956,1912,,,143,38,https://search.archives.nat.tn/fr/ANTthekira/Lecteur_des_archives/La%20Tunisie%20Medicale-1912#page/143/mode/2up,
Before_1956,1912,,,145,39,https://search.archives.nat.tn/fr/ANTthekira/Lecteur_des_archives/La%20Tunisie%20Medicale-1912#page/145/mode/2up,
Before_1956,1912,,,152,40,https://search.archives.nat.tn/fr/ANTthekira/Lecteur_des_archives/La%20Tunisie%20Medicale-1912#page/152/mode/2up,
Before_1956,1912,,,173,41,https://search.archives.nat.tn/fr/ANTthekira/Lecteur_des_archives/La%20Tunisie%20Medicale-1912#page/173/mode/2up,
Before_1956,1912,,,189,42,https://search.archives.nat.tn/fr/ANTthekira/Lecteur_des_archives/La%20Tunisie%20Medicale-1912#page/189/mode/2up,
Before_1956,1912,,,194,43,https://search.archives.nat.tn/fr/ANTthekira/Lecteur_des_archives/La%20Tunisie%20Medicale-1912#page/194/mode/2up,
Before_1956,1912,,,206,44,https://search.archives.nat.tn/fr/ANTthekira/Lecteur_des_archives/La%20Tunisie%20Medicale-1912#page/206/mode/2up,
Before_1956,1912,,,207,45,https://search.archives.nat.tn/fr/ANTthekira/Lecteur_des_archives/La%20Tunisie%20Medicale-1912#page/207/mode/2up,
Before_1956,1912,,,208,46,https://search.archives.nat.tn/fr/ANTthekira/Lecteur_des_archives/La%20Tunisie%20Medicale-1912#page/208/mode/2up,
Before_1956,1912,,,208,47,https://search.archives.nat.tn/fr/ANTthekira/Lecteur_des_archives/La%20Tunisie%20Medicale-1912#page/208/mode/2up,
Before_1956,1912,,,225,48,https://search.archives.nat.tn/fr/ANTthekira/Lecteur_des_archives/La%20Tunisie%20Medicale-1912#page/225/mode/2up,
Before_1956,1912,,,232,49,https://search.archives.nat.tn/fr/ANTthekira/Lecteur_des_archives/La%20Tunisie%20Medicale-1912#page/232/mode/2up,
Before_1956,1912,,,240,50,https://search.archives.nat.tn/fr/ANTthekira/Lecteur_des_archives/La%20Tunisie%20Medicale-1912#page/240/mode/2up,
Before_1956,1912,,,242,51,https://search.archives.nat.tn/fr/ANTthekira/Lecteur_des_archives/La%20Tunisie%20Medicale-1912#page/242/mode/2up,
Before_1956,1912,,,248,52,https://search.archives.nat.tn/fr/ANTthekira/Lecteur_des_archives/La%20Tunisie%20Medicale-1912#page/248/mode/2up,
Before_1956,1912,,,249,53,https://search.archives.nat.tn/fr/ANTthekira/Lecteur_des_archives/La%20Tunisie%20Medicale-1912#page/249/mode/2up,
Before_1956,1912,,,249,54,https://search.archives.nat.tn/fr/ANTthekira/Lecteur_des_archives/La%20Tunisie%20Medicale-1912#page/249/mode/2up,
Before_1956,1912,,,250,55,https://search.archives.nat.tn/fr/ANTthekira/Lecteur_des_archives/La%20Tunisie%20Medicale-1912#page/250/mode/2up,
Before_1956,1912,,,251,56,https://search.archives.nat.tn/fr/ANTthekira/Lecteur_des_archives/La%20Tunisie%20Medicale-1912#page/251/mode/2up,
Before_1956,1912,,,251,57,https://search.archives.nat.tn/fr/ANTthekira/Lecteur_des_archives/La%20Tunisie%20Medicale-1912#page/251/mode/2up,
Before_1956,1912,,,251,58,https://search.archives.nat.tn/fr/ANTthekira/Lecteur_des_archives/La%20Tunisie%20Medicale-1912#page/251/mode/2up,
Before_1956,1912,,,252,59,https://search.archives.nat.tn/fr/ANTthekira/Lecteur_des_archives/La%20Tunisie%20Medicale-1912#page/252/mode/2up,
Before_1956,1912,,,252,60,https://search.archives.nat.tn/fr/ANTthekira/Lecteur_des_archives/La%20Tunisie%20Medicale-1912#page/252/mode/2up,
Before_1956,1912,,,261,61,https://search.archives.nat.tn/fr/ANTthekira/Lecteur_des_archives/La%20Tunisie%20Medicale-1912#page/261/mode/2up,
Before_1956,1912,,,270,62,https://search.archives.nat.tn/fr/ANTthekira/Lecteur_des_archives/La%20Tunisie%20Medicale-1912#page/270/mode/2up,
Before_1956,1912,,,275,63,https://search.archives.nat.tn/fr/ANTthekira/Lecteur_des_archives/La%20Tunisie%20Medicale-1912#page/275/mode/2up,
Before_1956,1912,,,278,64,https://search.archives.nat.tn/fr/ANTthekira/Lecteur_des_archives/La%20Tunisie%20Medicale-1912#page/278/mode/2up,
Before_1956,1912,,,286,65,https://search.archives.nat.tn/fr/ANTthekira/Lecteur_des_archives/La%20Tunisie%20Medicale-1912#page/286/mode/2up,
Before_1956,1912,,,287,66,https://search.archives.nat.tn/fr/ANTthekira/Lecteur_des_archives/La%20Tunisie%20Medicale-1912#page/287/mode/2up,
Before_1956,1912,,,287,67,https://search.archives.nat.tn/fr/ANTthekira/Lecteur_des_archives/La%20Tunisie%20Medicale-1912#page/287/mode/2up,
Before_1956,1912,,,290,68,https://search.archives.nat.tn/fr/ANTthekira/Lecteur_des_archives/La%20Tunisie%20Medicale-1912#page/290/mode/2up,
Before_1956,1912,,,298,69,https://search.archives.nat.tn/fr/ANTthekira/Lecteur_des_archives/La%20Tunisie%20Medicale-1912#page/298/mode/2up,
Before_1956,1912,,,320,70,https://search.archives.nat.tn/fr/ANTthekira/Lecteur_des_archives/La%20Tunisie%20Medicale-1912#page/320/mode/2up,
Before_1956,1912,,,325,71,https://search.archives.nat.tn/fr/ANTthekira/Lecteur_des_archives/La%20Tunisie%20Medicale-1912#page/325/mode/2up,
Before_1956,1912,,,326,72,https://search.archives.nat.tn/fr/ANTthekira/Lecteur_des_archives/La%20Tunisie%20Medicale-1912#page/326/mode/2up,
Before_1956,1912,,,326,73,https://search.archives.nat.tn/fr/ANTthekira/Lecteur_des_archives/La%20Tunisie%20Medicale-1912#page/326/mode/2up,
Before_1956,1912,,,327,74,https://search.archives.nat.tn/fr/ANTthekira/Lecteur_des_archives/La%20Tunisie%20Medicale-1912#page/327/mode/2up,
Before_1956,1912,,,334,75,https://search.archives.nat.tn/fr/ANTthekira/Lecteur_des_archives/La%20Tunisie%20Medicale-1912#page/334/mode/2up,
Before_1956,1912,,,343,76,https://search.archives.nat.tn/fr/ANTthekira/Lecteur_des_archives/La%20Tunisie%20Medicale-1912#page/343/mode/2up,
Before_1956,1912,,,346,77,https://search.archives.nat.tn/fr/ANTthekira/Lecteur_des_archives/La%20Tunisie%20Medicale-1912#page/346/mode/2up,
Before_1956,1912,,,353,78,https://search.archives.nat.tn/fr/ANTthekira/Lecteur_des_archives/La%20Tunisie%20Medicale-1912#page/353/mode/2up,
Before_1956,1912,,,358,79,https://search.archives.nat.tn/fr/ANTthekira/Lecteur_des_archives/La%20Tunisie%20Medicale-1912#page/358/mode/2up,
Before_1956,1912,,,358,80,https://search.archives.nat.tn/fr/ANTthekira/Lecteur_des_archives/La%20Tunisie%20Medicale-1912#page/358/mode/2up,
Before_1956,1912,,,359,81,https://search.archives.nat.tn/fr/ANTthekira/Lecteur_des_archives/La%20Tunisie%20Medicale-1912#page/359/mode/2up,
Before_1956,1912,,,359,82,https://search.archives.nat.tn/fr/ANTthekira/Lecteur_des_archives/La%20Tunisie%20Medicale-1912#page/359/mode/2up,
Before_1956,1912,,,360,83,https://search.archives.nat.tn/fr/ANTthekira/Lecteur_des_archives/La%20Tunisie%20Medicale-1912#page/360/mode/2up,
Before_1956,1912,,,360,84,https://search.archives.nat.tn/fr/ANTthekira/Lecteur_des_archives/La%20Tunisie%20Medicale-1912#page/360/mode/2up,
Before_1956,1912,,,361,85,https://search.archives.nat.tn/fr/ANTthekira/Lecteur_des_archives/La%20Tunisie%20Medicale-1912#page/361/mode/2up,
Before_1956,1912,,,361,86,https://search.archives.nat.tn/fr/ANTthekira/Lecteur_des_archives/La%20Tunisie%20Medicale-1912#page/361/mode/2up,
Before_1956,1912,,,366,87,https://search.archives.nat.tn/fr/ANTthekira/Lecteur_des_archives/La%20Tunisie%20Medicale-1912#page/366/mode/2up,
Before_1956,1912,,,374,88,https://search.archives.nat.tn/fr/ANTthekira/Lecteur_des_archives/La%20Tunisie%20Medicale-1912#page/374/mode/2up,
Before_1956,1912,,,384,89,https://search.archives.nat.tn/fr/ANTthekira/Lecteur_des_archives/La%20Tunisie%20Medicale-1912#page/384/mode/2up,
Before_1956,1912,,,386,90,https://search.archives.nat.tn/fr/ANTthekira/Lecteur_des_archives/La%20Tunisie%20Medicale-1912#page/386/mode/2up,
Before_1956,1912,,,386,91,https://search.archives.nat.tn/fr/ANTthekira/Lecteur_des_archives/La%20Tunisie%20Medicale-1912#page/386/mode/2up,
Before_1956,1912,,,387,92,https://search.archives.nat.tn/fr/ANTthekira/Lecteur_des_archives/La%20Tunisie%20Medicale-1912#page/387/mode/2up,
Before_1956,1912,,,387,93,https://search.archives.nat.tn/fr/ANTthekira/Lecteur_des_archives/La%20Tunisie%20Medicale-1912#page/387/mode/2up,
Before_1956,1912,,,388,94,https://search.archives.nat.tn/fr/ANTthekira/Lecteur_des_archives/La%20Tunisie%20Medicale-1912#page/388/mode/2up,
Before_1956,1912,,,388,95,https://search.archives.nat.tn/fr/ANTthekira/Lecteur_des_archives/La%20Tunisie%20Medicale-1912#page/388/mode/2up,
Before_1956,1912,,,389,96,https://search.archives.nat.tn/fr/ANTthekira/Lecteur_des_archives/La%20Tunisie%20Medicale-1912#page/389/mode/2up,
Before_1956,1912,,,400,97,https://search.archives.nat.tn/fr/ANTthekira/Lecteur_des_archives/La%20Tunisie%20Medicale-1912#page/400/mode/2up,
Before_1956,1912,,,412,98,https://search.archives.nat.tn/fr/ANTthekira/Lecteur_des_archives/La%20Tunisie%20Medicale-1912#page/412/mode/2up,
Before_1956,1912,,,414,99,https://search.archives.nat.tn/fr/ANTthekira/Lecteur_des_archives/La%20Tunisie%20Medicale-1912#page/414/mode/2up,
Before_1956,1912,,,424,100,https://search.archives.nat.tn/fr/ANTthekira/Lecteur_des_archives/La%20Tunisie%20Medicale-1912#page/424/mode/2up,
Before_1956,1912,,,425,101,https://search.archives.nat.tn/fr/ANTthekira/Lecteur_des_archives/La%20Tunisie%20Medicale-1912#page/425/mode/2up,
Before_1956,1912,,,426,102,https://search.archives.nat.tn/fr/ANTthekira/Lecteur_des_archives/La%20Tunisie%20Medicale-1912#page/426/mode/2up,
Before_1956,1912,,,427,103,https://search.archives.nat.tn/fr/ANTthekira/Lecteur_des_archives/La%20Tunisie%20Medicale-1912#page/427/mode/2up,
Before_1956,1912,,,427,104,https://search.archives.nat.tn/fr/ANTthekira/Lecteur_des_archives/La%20Tunisie%20Medicale-1912#page/427/mode/2up,
Before_1956,1912,,,428,105,https://search.archives.nat.tn/fr/ANTthekira/Lecteur_des_archives/La%20Tunisie%20Medicale-1912#page/428/mode/2up,
Before_1956,1912,,,428,106,https://search.archives.nat.tn/fr/ANTthekira/Lecteur_des_archives/La%20Tunisie%20Medicale-1912#page/428/mode/2up,
Main_Page,1980,58,1-2,95,2,https://search.archives.nat.tn/fr/ANTthekira/Lecteur_des_archives/La%20Tunisie%20Medicale-1980#page/95/mode/2up,
Main_Page,1980,58,4,201,3,https://search.archives.nat.tn/fr/ANTthekira/Lecteur_des_archives/La%20Tunisie%20Medicale-1980#page/201/mode/2up,
Main_Page,1980,58,4,204,4,https://search.archives.nat.tn/fr/ANTthekira/Lecteur_des_archives/La%20Tunisie%20Medicale-1980#page/204/mode/2up,
Main_Page,1980,58,4,206,5,https://search.archives.nat.tn/fr/ANTthekira/Lecteur_des_archives/La%20Tunisie%20Medicale-1980#page/206/mode/2up,
Main_Page,1980,58,4,208,6,https://search.archives.nat.tn/fr/ANTthekira/Lecteur_des_archives/La%20Tunisie%20Medicale-1980#page/208/mode/2up,
Main_Page,1980,58,4,210,7,https://search.archives.nat.tn/fr/ANTthekira/Lecteur_des_archives/La%20Tunisie%20Medicale-1980#page/210/mode/2up,
Main_Page,1980,58,4,214,8,https://search.archives.nat.tn/fr/ANTthekira/Lecteur_des_archives/La%20Tunisie%20Medicale-1980#page/214/mode/2up,
Main_Page,1980,58,4,218,9,https://search.archives.nat.tn/fr/ANTthekira/Lecteur_des_archives/La%20Tunisie%20Medicale-1980#page/218/mode/2up,
Main_Page,1980,58,4,226,10,https://search.archives.nat.tn/fr/ANTthekira/Lecteur_des_archives/La%20Tunisie%20Medicale-1980#page/226/mode/2up,
Main_Page,1980,58,4,229,11,https://search.archives.nat.tn/fr/ANTthekira/Lecteur_des_archives/La%20Tunisie%20Medicale-1980#page/229/mode/2up,
Main_Page,1980,58,4,232,12,https://search.archives.nat.tn/fr/ANTthekira/Lecteur_des_archives/La%20Tunisie%20Medicale-1980#page/232/mode/2up,
Main_Page,1980,58,4,234,13,https://search.archives.nat.tn/fr/ANTthekira/Lecteur_des_archives/La%20Tunisie%20Medicale-1980#page/234/mode/2up,
Main_Page,1980,58,4,238,14,https://search.archives.nat.tn/fr/ANTthekira/Lecteur_des_archives/La%20Tunisie%20Medicale-1980#page/238/mode/2up,
Main_Page,1975,53,6,454,15,https://search.archives.nat.tn/fr/ANTthekira/Lecteur_des_archives/La%20Tunisie%20Medicale-1975#page/454/mode/2up,
Main_Page,2008,86,3,240,16,https://search.archives.nat.tn/fr/ANTthekira/Lecteur_des_archives/La%20Tunisie%20Medicale-2008#page/240/mode/2up,
Main_Page,2008,86,3,244,17,https://search.archives.nat.tn/fr/ANTthekira/Lecteur_des_archives/La%20Tunisie%20Medicale-2008#page/244/mode/2up,
Main_Page,2008,86,3,250,18,https://search.archives.nat.tn/fr/ANTthekira/Lecteur_des_archives/La%20Tunisie%20Medicale-2008#page/250/mode/2up,
Main_Page,2008,86,3,256,19,https://search.archives.nat.tn/fr/ANTthekira/Lecteur_des_archives/La%20Tunisie%20Medicale-2008#page/256/mode/2up,
Main_Page,2008,86,3,262,20,https://search.archives.nat.tn/fr/ANTthekira/Lecteur_des_archives/La%20Tunisie%20Medicale-2008#page/262/mode/2up,
Main_Page,2008,86,3,266,21,https://search.archives.nat.tn/fr/ANTthekira/Lecteur_des_archives/La%20Tunisie%20Medicale-2008#page/266/mode/2up,
Main_Page,2008,86,3,272,22,https://search.archives.nat.tn/fr/ANTthekira/Lecteur_des_archives/La%20Tunisie%20Medicale-2008#page/272/mode/2up,
Main_Page,2008,86,3,277,23,https://search.archives.nat.tn/fr/ANTthekira/Lecteur_des_archives/La%20Tunisie%20Medicale-2008#page/277/mode/2up,
Main_Page,2008,86,3,283,24,https://search.archives.nat.tn/fr/ANTthekira/Lecteur_des_archives/La%20Tunisie%20Medicale-2008#page/283/mode/2up,
Main_Page,2008,86,3,288,25,https://search.archives.nat.tn/fr/ANTthekira/Lecteur_des_archives/La%20Tunisie%20Medicale-2008#page/288/mode/2up,
Main_Page,2008,86,3,292,26,https://search.archives.nat.tn/fr/ANTthekira/Lecteur_des_archives/La%20Tunisie%20Medicale-2008#page/292/mode/2up,
Main_Page,2008,86,3,295,27,https://search.archives.nat.tn/fr/ANTthekira/Lecteur_des_archives/La%20Tunisie%20Medicale-2008#page/295/mode/2up,
Main_Page,2008,86,3,299,28,https://search.archives.nat.tn/fr/ANTthekira/Lecteur_des_archives/La%20Tunisie%20Medicale-2008#page/299/mode/2up,
Main_Page,2008,86,3,302,29,https://search.archives.nat.tn/fr/ANTthekira/Lecteur_des_archives/La%20Tunisie%20Medicale-2008#page/302/mode/2up,
Main_Page,2008,86,3,315,30,https://search.archives.nat.tn/fr/ANTthekira/Lecteur_des_archives/La%20Tunisie%20Medicale-2008#page/315/mode/2up,
Main_Page,2008,86,3,316,31,https://search.archives.nat.tn/fr/ANTthekira/Lecteur_des_archives/La%20Tunisie%20Medicale-2008#page/316/mode/2up,
Main_Page,2008,86,3,319,32,https://search.archives.nat.tn/fr/ANTthekira/Lecteur_des_archives/La%20Tunisie%20Medicale-2008#page/319/mode/2up,
Main_Page,2008,86,3,320,33,https://search.archives.nat.tn/fr/ANTthekira/Lecteur_des_archives/La%20Tunisie%20Medicale-2008#page/320/mode/2up,
Main_Page,2008,86,3,322,34,https://search.archives.nat.tn/fr/ANTthekira/Lecteur_des_archives/La%20Tunisie%20Medicale-2008#page/322/mode/2up,
Main_Page,2008,86,3,323,35,https://search.archives.nat.tn/fr/ANTthekira/Lecteur_des_archives/La%20Tunisie%20Medicale-2008#page/323/mode/2up,
Main_Page,2008,86,3,324,36,https://search.archives.nat.tn/fr/ANTthekira/Lecteur_des_archives/La%20Tunisie%20Medicale-2008#page/324/mode/2up,
Main_Page,2008,86,3,325,37,https://search.archives.nat.tn/fr/ANTthekira/Lecteur_des_archives/La%20Tunisie%20Medicale-2008#page/325/mode/2up,
Main_Page,2008,86,3,329,38,https://search.archives.nat.tn/fr/ANTthekira/Lecteur_des_archives/La%20Tunisie%20Medicale-2008#page/329/mode/2up,
Main_Page,2008,86,3,330,39,https://search.archives.nat.tn/fr/ANTthekira/Lecteur_des_archives/La%20Tunisie%20Medicale-2008#page/330/mode/2up,
Main_Page,2008,86,3,331,40,https://search.archives.nat.tn/fr/ANTthekira/Lecteur_des_archives/La%20Tunisie%20Medicale-2008#page/331/mode/2up,
Main_Page,2008,86,3,332,41,https://search.archives.nat.tn/fr/ANTthekira/Lecteur_des_archives/La%20Tunisie%20Medicale-2008#page/332/mode/2up,
Main_Page,2008,86,3,333,42,https://search.archives.nat.tn/fr/ANTthekira/Lecteur_des_archives/La%20Tunisie%20Medicale-2008#page/333/mode/2up,
Main_Page,2008,86,3,334,43,https://search.archives.nat.tn/fr/ANTthekira/Lecteur_des_archives/La%20Tunisie%20Medicale-2008#page/334/mode/2up,
Main_Page,2008,86,3,335,44,https://search.archives.nat.tn/fr/ANTthekira/Lecteur_des_archives/La%20Tunisie%20Medicale-2008#page/335/mode/2up,
Main_Page,2008,86,3,337,45,https://search.archives.nat.tn/fr/ANTthekira/Lecteur_des_archives/La%20Tunisie%20Medicale-2008#page/337/mode/2up,
Main_Page,2008,86,3,338,46,https://search.archives.nat.tn/fr/ANTthekira/Lecteur_des_archives/La%20Tunisie%20Medicale-2008#page/338/mode/2up,
Main_Page,2008,86,3,335,47,https://search.archives.nat.tn/fr/ANTthekira/Lecteur_des_archives/La%20Tunisie%20Medicale-2008#page/335/mode/2up,
Main_Page,1992,70,4,181,48,https://search.archives.nat.tn/fr/ANTthekira/Lecteur_des_archives/La%20Tunisie%20Medicale-1992#page/181/mode/2up,
Main_Page,1992,70,4,187,49,https://search.archives.nat.tn/fr/ANTthekira/Lecteur_des_archives/La%20Tunisie%20Medicale-1992#page/187/mode/2up,
Main_Page,1992,70,4,193,50,https://search.archives.nat.tn/fr/ANTthekira/Lecteur_des_archives/La%20Tunisie%20Medicale-1992#page/193/mode/2up,
Main_Page,1992,70,4,199,51,https://search.archives.nat.tn/fr/ANTthekira/Lecteur_des_archives/La%20Tunisie%20Medicale-1992#page/199/mode/2up,
Main_Page,1992,70,4,203,52,https://search.archives.nat.tn/fr/ANTthekira/Lecteur_des_archives/La%20Tunisie%20Medicale-1992#page/203/mode/2up,
Main_Page,1992,70,4,207,53,https://search.archives.nat.tn/fr/ANTthekira/Lecteur_des_archives/La%20Tunisie%20Medicale-1992#page/207/mode/2up,
Main_Page,1992,70,4,213,54,https://search.archives.nat.tn/fr/ANTthekira/Lecteur_des_archives/La%20Tunisie%20Medicale-1992#page/213/mode/2up,
Main_Page,1992,70,4,223,55,https://search.archives.nat.tn/fr/ANTthekira/Lecteur_des_archives/La%20Tunisie%20Medicale-1992#page/223/mode/2up,
Main_Page,1992,70,4,229,56,https://search.archives.nat.tn/fr/ANTthekira/Lecteur_des_archives/La%20Tunisie%20Medicale-1992#page/229/mode/2up,
Main_Page,1992,70,4,235,57,https://search.archives.nat.tn/fr/ANTthekira/Lecteur_des_archives/La%20Tunisie%20Medicale-1992#page/235/mode/2up,
Main_Page,1992,70,4,239,58,https://search.archives.nat.tn/fr/ANTthekira/Lecteur_des_archives/La%20Tunisie%20Medicale-1992#page/239/mode/2up,
Main_Page,1992,70,4,247,59,https://search.archives.nat.tn/fr/ANTthekira/Lecteur_des_archives/La%20Tunisie%20Medicale-1992#page/247/mode/2up,
Main_Page,1992,70,4,253,60,https://search.archives.nat.tn/fr/ANTthekira/Lecteur_des_archives/La%20Tunisie%20Medicale-1992#page/253/mode/2up,
Main_Page,1980,58,3,151,61,https://search.archives.nat.tn/fr/ANTthekira/Lecteur_des_archives/La%20Tunisie%20Medicale-1980#page/151/mode/2up,
Main_Page,1980,58,5,251,62,https://search.archives.nat.tn/fr/ANTthekira/Lecteur_des_archives/La%20Tunisie%20Medicale-1980#page/251/mode/2up,
Main_Page,1980,58,5,255,63,https://search.archives.nat.tn/fr/ANTthekira/Lecteur_des_archives/La%20Tunisie%20Medicale-1980#page/255/mode/2up,
Main_Page,1980,58,5,261,64,https://search.archives.nat.tn/fr/ANTthekira/Lecteur_des_archives/La%20Tunisie%20Medicale-1980#page/261/mode/2up,
Main_Page,1980,58,5,265,65,https://search.archives.nat.tn/fr/ANTthekira/Lecteur_des_archives/La%20Tunisie%20Medicale-1980#page/265/mode/2up,
Main_Page,1980,58,5,269,66,https://search.archives.nat.tn/fr/ANTthekira/Lecteur_des_archives/La%20Tunisie%20Medicale-1980#page/269/mode/2up,
Main_Page,1980,58,5,275,67,https://search.archives.nat.tn/fr/ANTthekira/Lecteur_des_archives/La%20Tunisie%20Medicale-1980#page/275/mode/2up,
Main_Page,1980,58,5,282,68,https://search.archives.nat.tn/fr/ANTthekira/Lecteur_des_archives/La%20Tunisie%20Medicale-1980#page/282/mode/2up,
Main_Page,1980,58,5,289,69,https://search.archives.nat.tn/fr/ANTthekira/Lecteur_des_archives/La%20Tunisie%20Medicale-1980#page/289/mode/2up,
Main_Page,1980,58,5,295,70,https://search.archives.nat.tn/fr/ANTthekira/Lecteur_des_archives/La%20Tunisie%20Medicale-1980#page/295/mode/2up,
Main_Page,1980,58,5,299,71,https://search.archives.nat.tn/fr/ANTthekira/Lecteur_des_archives/La%20Tunisie%20Medicale-1980#page/299/mode/2up,
Main_Page,1980,58,5,302,72,https://search.archives.nat.tn/fr/ANTthekira/Lecteur_des_archives/La%20Tunisie%20Medicale-1980#page/302/mode/2up,
Main_Page,1980,58,5,307,73,https://search.archives.nat.tn/fr/ANTthekira/Lecteur_des_archives/La%20Tunisie%20Medicale-1980#page/307/mode/2up,
Main_Page,1980,58,5,312,74,https://search.archives.nat.tn/fr/ANTthekira/Lecteur_des_archives/La%20Tunisie%20Medicale-1980#page/312/mode/2up,
Main_Page,1980,58,5,316,75,https://search.archives.nat.tn/fr/ANTthekira/Lecteur_des_archives/La%20Tunisie%20Medicale-1980#page/316/mode/2up,
Main_Page,1980,58,5,323,76,https://search.archives.nat.tn/fr/ANTthekira/Lecteur_des_archives/La%20Tunisie%20Medicale-1980#page/323/mode/2up,
Main_Page,1980,58,5,328,77,https://search.archives.nat.tn/fr/ANTthekira/Lecteur_des_archives/La%20Tunisie%20Medicale-1980#page/328/mode/2up,
Main_Page,1980,58,5,333,78,https://search.archives.nat.tn/fr/ANTthekira/Lecteur_des_archives/La%20Tunisie%20Medicale-1980#page/333/mode/2up,
Main_Page,1980,58,5,338,79,https://search.archives.nat.tn/fr/ANTthekira/Lecteur_des_archives/La%20Tunisie%20Medicale-1980#page/338/mode/2up,
Main_Page,1980,58,5,347,80,https://search.archives.nat.tn/fr/ANTthekira/Lecteur_des_archives/La%20Tunisie%20Medicale-1980#page/347/mode/2up,
Main_Page,1980,58,6,361,81,https://search.archives.nat.tn/fr/ANTthekira/Lecteur_des_archives/La%20Tunisie%20Medicale-1980#page/361/mode/2up,
Main_Page,1980,58,6,369,82,https://search.archives.nat.tn/fr/ANTthekira/Lecteur_des_archives/La%20Tunisie%20Medicale-1980#page/369/mode/2up,
Main_Page,1980,58,6,373,83,https://search.archives.nat.tn/fr/ANTthekira/Lecteur_des_archives/La%20Tunisie%20Medicale-1980#page/373/mode/2up,
Main_Page,1980,58,6,377,84,https://search.archives.nat.tn/fr/ANTthekira/Lecteur_des_archives/La%20Tunisie%20Medicale-1980#page/377/mode/2up,
Main_Page,1980,58,6,381,85,https://search.archives.nat.tn/fr/ANTthekira/Lecteur_des_archives/La%20Tunisie%20Medicale-1980#page/381/mode/2up,
Main_Page,1980,58,6,385,86,https://search.archives.nat.tn/fr/ANTthekira/Lecteur_des_archives/La%20Tunisie%20Medicale-1980#page/385/mode/2up,
Main_Page,1980,58,6,389,87,https://search.archives.nat.tn/fr/ANTthekira/Lecteur_des_archives/La%20Tunisie%20Medicale-1980#page/389/mode/2up,
Main_Page,1980,58,6,395,88,https://search.archives.nat.tn/fr/ANTthekira/Lecteur_des_archives/La%20Tunisie%20Medicale-1980#page/395/mode/2up,
Main_Page,1980,58,6,399,89,https://search.archives.nat.tn/fr/ANTthekira/Lecteur_des_archives/La%20Tunisie%20Medicale-1980#page/399/mode/2up,
Main_Page,1980,58,6,403,90,https://search.archives.nat.tn/fr/ANTthekira/Lecteur_des_archives/La%20Tunisie%20Medicale-1980#page/403/mode/2up,
Main_Page,1980,58,6,407,91,https://search.archives.nat.tn/fr/ANTthekira/Lecteur_des_archives/La%20Tunisie%20Medicale-1980#page/407/mode/2up,
Main_Page,1980,58,6,411,92,https://search.archives.nat.tn/fr/ANTthekira/Lecteur_des_archives/La%20Tunisie%20Medicale-1980#page/411/mode/2up,
Main_Page,1980,58,6,415,93,https://search.archives.nat.tn/fr/ANTthekira/Lecteur_des_archives/La%20Tunisie%20Medicale-1980#page/415/mode/2up,
Main_Page,1980,58,6,416,94,https://search.archives.nat.tn/fr/ANTthekira/Lecteur_des_archives/La%20Tunisie%20Medicale-1980#page/416/mode/2up,
Main_Page,1980,58,6,417,95,https://search.archives.nat.tn/fr/ANTthekira/Lecteur_des_archives/La%20Tunisie%20Medicale-1980#page/417/mode/2up,
Main_Page,1977,55,1,37,96,https://search.archives.nat.tn/fr/ANTthekira/Lecteur_des_archives/La%20Tunisie%20Medicale-1977#page/37/mode/2up,
Main_Page,1978,56,1,101,97,https://search.archives.nat.tn/fr/ANTthekira/Lecteur_des_archives/La%20Tunisie%20Medicale-1978#page/101/mode/2up,
Main_Page,1978,56,5,403,98,https://search.archives.nat.tn/fr/ANTthekira/Lecteur_des_archives/La%20Tunisie%20Medicale-1978#page/403/mode/2up,
Main_Page,1978,56,5,413,99,https://search.archives.nat.tn/fr/ANTthekira/Lecteur_des_archives/La%20Tunisie%20Medicale-1978#page/413/mode/2up,
Main_Page,1978,56,5,421,100,https://search.archives.nat.tn/fr/ANTthekira/Lecteur_des_archives/La%20Tunisie%20Medicale-1978#page/421/mode/2up,
Main_Page,1978,56,5,431,101,https://search.archives.nat.tn/fr/ANTthekira/Lecteur_des_archives/La%20Tunisie%20Medicale-1978#page/431/mode/2up,
Main_Page,1978,56,5,437,102,https://search.archives.nat.tn/fr/ANTthekira/Lecteur_des_archives/La%20Tunisie%20Medicale-1978#page/437/mode/2up,
Main_Page,1978,56,5,441,103,https://search.archives.nat.tn/fr/ANTthekira/Lecteur_des_archives/La%20Tunisie%20Medicale-1978#page/441/mode/2up,
Main_Page,1978,56,5,449,104,https://search.archives.nat.tn/fr/ANTthekira/Lecteur_des_archives/La%20Tunisie%20Medicale-1978#page/449/mode/2up,
Main_Page,1978,56,5,459,105,https://search.archives.nat.tn/fr/ANTthekira/Lecteur_des_archives/La%20Tunisie%20Medicale-1978#page/459/mode/2up,
Main_Page,1978,56,5,463,106,https://search.archives.nat.tn/fr/ANTthekira/Lecteur_des_archives/La%20Tunisie%20Medicale-1978#page/463/mode/2up,
Main_Page,1978,56,5,465,107,https://search.archives.nat.tn/fr/ANTthekira/Lecteur_des_archives/La%20Tunisie%20Medicale-1978#page/465/mode/2up,
Main_Page,1978,56,5,469,108,https://search.archives.nat.tn/fr/ANTthekira/Lecteur_des_archives/La%20Tunisie%20Medicale-1978#page/469/mode/2up,
Main_Page,1978,56,5,475,109,https://search.archives.nat.tn/fr/ANTthekira/Lecteur_des_archives/La%20Tunisie%20Medicale-1978#page/475/mode/2up,
Main_Page,1978,56,6,491,110,https://search.archives.nat.tn/fr/ANTthekira/Lecteur_des_archives/La%20Tunisie%20Medicale-1978#page/491/mode/2up,
Main_Page,1978,56,6,499,111,https://search.archives.nat.tn/fr/ANTthekira/Lecteur_des_archives/La%20Tunisie%20Medicale-1978#page/499/mode/2up,
Main_Page,1978,56,6,507,112,https://search.archives.nat.tn/fr/ANTthekira/Lecteur_des_archives/La%20Tunisie%20Medicale-1978#page/507/mode/2up,
Main_Page,1978,56,6,515,113,https://search.archives.nat.tn/fr/ANTthekira/Lecteur_des_archives/La%20Tunisie%20Medicale-1978#page/515/mode/2up,
Main_Page,1978,56,6,521,114,https://search.archives.nat.tn/fr/ANTthekira/Lecteur_des_archives/La%20Tunisie%20Medicale-1978#page/521/mode/2up,
Main_Page,1978,56,6,529,115,https://search.archives.nat.tn/fr/ANTthekira/Lecteur_des_archives/La%20Tunisie%20Medicale-1978#page/529/mode/2up,
Main_Page,1978,56,6,539,116,https://search.archives.nat.tn/fr/ANTthekira/Lecteur_des_archives/La%20Tunisie%20Medicale-1978#page/539/mode/2up,
Main_Page,1978,56,6,545,117,https://search.archives.nat.tn/fr/ANTthekira/Lecteur_des_archives/La%20Tunisie%20Medicale-1978#page/545/mode/2up,
Main_Page,1978,56,6,555,118,https://search.archives.nat.tn/fr/ANTthekira/Lecteur_des_archives/La%20Tunisie%20Medicale-1978#page/555/mode/2up,
Main_Page,1978,56,6,559,119,https://search.archives.nat.tn/fr/ANTthekira/Lecteur_des_archives/La%20Tunisie%20Medicale-1978#page/559/mode/2up,
Main_Page,1978,56,6,569,120,https://search.archives.nat.tn/fr/ANTthekira/Lecteur_des_archives/La%20Tunisie%20Medicale-1978#page/569/mode/2up,
Main_Page,1978,56,6,577,121,https://search.archives.nat.tn/fr/ANTthekira/Lecteur_des_archives/La%20Tunisie%20Medicale-1978#page/577/mode/2up,
Main_Page,1978,56,6,589,122,https://search.archives.nat.tn/fr/ANTthekira/Lecteur_des_archives/La%20Tunisie%20Medicale-1978#page/589/mode/2up,
Main_Page,1978,56,6,591,123,https://search.archives.nat.tn/fr/ANTthekira/Lecteur_des_archives/La%20Tunisie%20Medicale-1978#page/591/mode/2up,
Main_Page,1975,53,1,5,124,https://search.archives.nat.tn/fr/ANTthekira/Lecteur_des_archives/La%20Tunisie%20Medicale-1975#page/5/mode/2up,
Main_Page,1975,53,1,11,125,https://search.archives.nat.tn/fr/ANTthekira/Lecteur_des_archives/La%20Tunisie%20Medicale-1975#page/11/mode/2up,
Main_Page,1975,53,1,15,126,https://search.archives.nat.tn/fr/ANTthekira/Lecteur_des_archives/La%20Tunisie%20Medicale-1975#page/15/mode/2up,
Main_Page,1975,53,1,21,127,https://search.archives.nat.tn/fr/ANTthekira/Lecteur_des_archives/La%20Tunisie%20Medicale-1975#page/21/mode/2up,
Main_Page,1975,53,1,27,128,https://search.archives.nat.tn/fr/ANTthekira/Lecteur_des_archives/La%20Tunisie%20Medicale-1975#page/27/mode/2up,
Main_Page,1975,53,1,33,129,https://search.archives.nat.tn/fr/ANTthekira/Lecteur_des_archives/La%20Tunisie%20Medicale-1975#page/33/mode/2up,
Main_Page,1975,53,1,39,130,https://search.archives.nat.tn/fr/ANTthekira/Lecteur_des_archives/La%20Tunisie%20Medicale-1975#page/39/mode/2up,
Main_Page,1975,53,1,47,131,https://search.archives.nat.tn/fr/ANTthekira/Lecteur_des_archives/La%20Tunisie%20Medicale-1975#page/47/mode/2up,
Main_Page,1975,53,1,53,132,https://search.archives.nat.tn/fr/ANTthekira/Lecteur_des_archives/La%20Tunisie%20Medicale-1975#page/53/mode/2up,
Main_Page,1975,53,1,59,133,https://search.archives.nat.tn/fr/ANTthekira/Lecteur_des_archives/La%20Tunisie%20Medicale-1975#page/59/mode/2up,
Main_Page,1975,53,1,73,134,https://search.archives.nat.tn/fr/ANTthekira/Lecteur_des_archives/La%20Tunisie%20Medicale-1975#page/73/mode/2up,
Main_Page,1974,52,2,107,135,https://search.archives.nat.tn/fr/ANTthekira/Lecteur_des_archives/La%20Tunisie%20Medicale-1974#page/107/mode/2up,
Main_Page,1974,52,2,109,136,https://search.archives.nat.tn/fr/ANTthekira/Lecteur_des_archives/La%20Tunisie%20Medicale-1974#page/109/mode/2up,
Main_Page,1974,52,2,111,137,https://search.archives.nat.tn/fr/ANTthekira/Lecteur_des_archives/La%20Tunisie%20Medicale-1974#page/111/mode/2up,
Main_Page,1974,52,2,113,138,https://search.archives.nat.tn/fr/ANTthekira/Lecteur_des_archives/La%20Tunisie%20Medicale-1974#page/113/mode/2up,
Main_Page,1974,52,2,115,139,https://search.archives.nat.tn/fr/ANTthekira/Lecteur_des_archives/La%20Tunisie%20Medicale-1974#page/115/mode/2up,
Main_Page,1974,52,2,117,140,https://search.archives.nat.tn/fr/ANTthekira/Lecteur_des_archives/La%20Tunisie%20Medicale-1974#page/117/mode/2up,
Main_Page,1974,52,2,119,141,https://search.archives.nat.tn/fr/ANTthekira/Lecteur_des_archives/La%20Tunisie%20Medicale-1974#page/119/mode/2up,
Main_Page,1970,48,5,295,142,https://search.archives.nat.tn/fr/ANTthekira/Lecteur_des_archives/La%20Tunisie%20Medicale-1970#page/295/mode/2up,
Main_Page,1969,47,3,185,143,https://search.archives.nat.tn/fr/ANTthekira/Lecteur_des_archives/La%20Tunisie%20Medicale-1969#page/185/mode/2up,
Main_Page,1969,47,5,289,144,https://search.archives.nat.tn/fr/ANTthekira/Lecteur_des_archives/La%20Tunisie%20Medicale-1969#page/289/mode/2up,
Main_Page,1969,47,5,297,145,https://search.archives.nat.tn/fr/ANTthekira/Lecteur_des_archives/La%20Tunisie%20Medicale-1969#page/297/mode/2up,
Main_Page,1968,46,3,273,146,https://search.archives.nat.tn/fr/ANTthekira/Lecteur_des_archives/La%20Tunisie%20Medicale-1968#page/273/mode/2up,
Main_Page,1964,43,5,553,147,https://search.archives.nat.tn/fr/ANTthekira/Lecteur_des_archives/La%20Tunisie%20Medicale-1964#page/553/mode/2up,
Main_Page,1964,43,6,611,148,https://search.archives.nat.tn/fr/ANTthekira/Lecteur_des_archives/La%20Tunisie%20Medicale-1964#page/611/mode/2up,
Main_Page,1963,41,6,477,149,https://search.archives.nat.tn/fr/ANTthekira/Lecteur_des_archives/La%20Tunisie%20Medicale-1963#page/477/mode/2up,
Main_Page,1963,41,6,491,150,https://search.archives.nat.tn/fr/ANTthekira/Lecteur_des_archives/La%20Tunisie%20Medicale-1963#page/491/mode/2up,
Main_Page,1963,41,6,505,151,https://search.archives.nat.tn/fr/ANTthekira/Lecteur_des_archives/La%20Tunisie%20Medicale-1963#page/505/mode/2up,
Main_Page,1963,41,6,515,152,https://search.archives.nat.tn/fr/ANTthekira/Lecteur_des_archives/La%20Tunisie%20Medicale-1963#page/515/mode/2up,
Main_Page,1963,41,6,521,153,https://search.archives.nat.tn/fr/ANTthekira/Lecteur_des_archives/La%20Tunisie%20Medicale-1963#page/521/mode/2up,
Main_Page,1963,41,6,527,154,https://search.archives.nat.tn/fr/ANTthekira/Lecteur_des_archives/La%20Tunisie%20Medicale-1963#page/527/mode/2up,
Main_Page,1963,41,6,535,155,https://search.archives.nat.tn/fr/ANTthekira/Lecteur_des_archives/La%20Tunisie%20Medicale-1963#page/535/mode/2up,
Main_Page,1962,40,1,87,156,https://search.archives.nat.tn/fr/ANTthekira/Lecteur_des_archives/La%20Tunisie%20Medicale-1962#page/87/mode/2up,
Main_Page,1962,40,1,121,157,https://search.archives.nat.tn/fr/ANTthekira/Lecteur_des_archives/La%20Tunisie%20Medicale-1962#page/121/mode/2up,
Main_Page,1962,40,1,141,158,https://search.archives.nat.tn/fr/ANTthekira/Lecteur_des_archives/La%20Tunisie%20Medicale-1962#page/141/mode/2up,
Main_Page,1962,40,2,257,159,https://search.archives.nat.tn/fr/ANTthekira/Lecteur_des_archives/La%20Tunisie%20Medicale-1962#page/257/mode/2up,
Main_Page,1962,40,3,365,160,https://search.archives.nat.tn/fr/ANTthekira/Lecteur_des_archives/La%20Tunisie%20Medicale-1962#page/365/mode/2up,
Main_Page,1962,40,3,405,161,https://search.archives.nat.tn/fr/ANTthekira/Lecteur_des_archives/La%20Tunisie%20Medicale-1962#page/405/mode/2up,
Main_Page,1962,40,4,441,162,https://search.archives.nat.tn/fr/ANTthekira/Lecteur_des_archives/La%20Tunisie%20Medicale-1962#page/441/mode/2up,
Main_Page,1962,40,4,511,163,https://search.archives.nat.tn/fr/ANTthekira/Lecteur_des_archives/La%20Tunisie%20Medicale-1962#page/511/mode/2up,
Main_Page,1961,39,1,115,164,https://search.archives.nat.tn/fr/ANTthekira/Lecteur_des_archives/La%20Tunisie%20Medicale-1961#page/115/mode/2up,
Main_Page,1961,39,2,237,165,https://search.archives.nat.tn/fr/ANTthekira/Lecteur_des_archives/La%20Tunisie%20Medicale-1961#page/237/mode/2up,
Main_Page,1961,39,3,341,166,https://search.archives.nat.tn/fr/ANTthekira/Lecteur_des_archives/La%20Tunisie%20Medicale-1961#page/341/mode/2up,
Main_Page,1961,39,4,545,167,https://search.archives.nat.tn/fr/ANTthekira/Lecteur_des_archives/La%20Tunisie%20Medicale-1961#page/545/mode/2up,
Main_Page,1960,38,2,85,168,https://search.archives.nat.tn/fr/ANTthekira/Lecteur_des_archives/La%20Tunisie%20Medicale-1960#page/85/mode/2up,
Main_Page,1960,38,3,219,169,https://search.archives.nat.tn/fr/ANTthekira/Lecteur_des_archives/La%20Tunisie%20Medicale-1960#page/219/mode/2up,
Main_Page,1960,38,4,227,170,https://search.archives.nat.tn/fr/ANTthekira/Lecteur_des_archives/La%20Tunisie%20Medicale-1960#page/227/mode/2up,
Main_Page,1960,38,4,249,171,https://search.archives.nat.tn/fr/ANTthekira/Lecteur_des_archives/La%20Tunisie%20Medicale-1960#page/249/mode/2up,
Main_Page,1960,38,4,265,172,https://search.archives.nat.tn/fr/ANTthekira/Lecteur_des_archives/La%20Tunisie%20Medicale-1960#page/265/mode/2up,
Main_Page,1960,38,4,279,173,https://search.archives.nat.tn/fr/ANTthekira/Lecteur_des_archives/La%20Tunisie%20Medicale-1960#page/279/mode/2up,
Main_Page,1960,38,4,291,174,https://search.archives.nat.tn/fr/ANTthekira/Lecteur_des_archives/La%20Tunisie%20Medicale-1960#page/291/mode/2up,
Main_Page,1960,38,4,307,175,https://search.archives.nat.tn/fr/ANTthekira/Lecteur_des_archives/La%20Tunisie%20Medicale-1960#page/307/mode/2up,
Main_Page,1960,38,6,423,176,https://search.archives.nat.tn/fr/ANTthekira/Lecteur_des_archives/La%20Tunisie%20Medicale-1960#page/423/mode/2up,
Main_Page,1960,38,6,451,177,https://search.archives.nat.tn/fr/ANTthekira/Lecteur_des_archives/La%20Tunisie%20Medicale-1960#page/451/mode/2up,
Main_Page,1960,38,6,471,178,https://search.archives.nat.tn/fr/ANTthekira/Lecteur_des_archives/La%20Tunisie%20Medicale-1960#page/471/mode/2up,
Main_Page,1960,38,6,493,179,https://search.archives.nat.tn/fr/ANTthekira/Lecteur_des_archives/La%20Tunisie%20Medicale-1960#page/493/mode/2up,
Main_Page,1960,38,6,511,180,https://search.archives.nat.tn/fr/ANTthekira/Lecteur_des_archives/La%20Tunisie%20Medicale-1960#page/511/mode/2up,
Main_Page,1960,38,7,531,181,https://search.archives.nat.tn/fr/ANTthekira/Lecteur_des_archives/La%20Tunisie%20Medicale-1960#page/531/mode/2up,
Main_Page,1960,38,7,569,182,https://search.archives.nat.tn/fr/ANTthekira/Lecteur_des_archives/La%20Tunisie%20Medicale-1960#page/569/mode/2up,
Main_Page,1960,38,7,573,183,https://search.archives.nat.tn/fr/ANTthekira/Lecteur_des_archives/La%20Tunisie%20Medicale-1960#page/573/mode/2up,
Main_Page,1960,38,9,695,184,https://search.archives.nat.tn/fr/ANTthekira/Lecteur_des_archives/La%20Tunisie%20Medicale-1960#page/695/mode/2up,
Main_Page,1960,38,9,717,185,https://search.archives.nat.tn/fr/ANTthekira/Lecteur_des_archives/La%20Tunisie%20Medicale-1960#page/717/mode/2up,
Main_Page,1960,38,9,723,186,https://search.archives.nat.tn/fr/ANTthekira/Lecteur_des_archives/La%20Tunisie%20Medicale-1960#page/723/mode/2up,
Main_Page,1960,38,9,741,187,https://search.archives.nat.tn/fr/ANTthekira/Lecteur_des_archives/La%20Tunisie%20Medicale-1960#page/741/mode/2up,
Main_Page,1960,38,9,751,188,https://search.archives.nat.tn/fr/ANTthekira/Lecteur_des_archives/La%20Tunisie%20Medicale-1960#page/751/mode/2up,
Main_Page,1959,37,3,137,189,https://search.archives.nat.tn/fr/ANTthekira/Lecteur_des_archives/La%20Tunisie%20Medicale-1959#page/137/mode/2up,
Main_Page,1959,37,3,163,190,https://search.archives.nat.tn/fr/ANTthekira/Lecteur_des_archives/La%20Tunisie%20Medicale-1959#page/163/mode/2up,
Main_Page,1959,37,3,177,191,https://search.archives.nat.tn/fr/ANTthekira/Lecteur_des_archives/La%20Tunisie%20Medicale-1959#page/177/mode/2up,
Main_Page,1959,37,3,195,192,https://search.archives.nat.tn/fr/ANTthekira/Lecteur_des_archives/La%20Tunisie%20Medicale-1959#page/195/mode/2up,
Main_Page,1959,37,3,213,193,https://search.archives.nat.tn/fr/ANTthekira/Lecteur_des_archives/La%20Tunisie%20Medicale-1959#page/213/mode/2up,
Main_Page,1959,37,4,227,194,https://search.archives.nat.tn/fr/ANTthekira/Lecteur_des_archives/La%20Tunisie%20Medicale-1959#page/227/mode/2up,
Main_Page,1959,37,4,249,195,https://search.archives.nat.tn/fr/ANTthekira/Lecteur_des_archives/La%20Tunisie%20Medicale-1959#page/249/mode/2up,
Main_Page,1959,37,4,265,196,https://search.archives.nat.tn/fr/ANTthekira/Lecteur_des_archives/La%20Tunisie%20Medicale-1959#page/265/mode/2up,
Main_Page,1959,37,5,305,197,https://search.archives.nat.tn/fr/ANTthekira/Lecteur_des_archives/La%20Tunisie%20Medicale-1959#page/305/mode/2up,
Main_Page,1959,37,7,485,198,https://search.archives.nat.tn/fr/ANTthekira/Lecteur_des_archives/La%20Tunisie%20Medicale-1959#page/485/mode/2up,
Main_Page,1959,37,7,507,199,https://search.archives.nat.tn/fr/ANTthekira/Lecteur_des_archives/La%20Tunisie%20Medicale-1959#page/507/mode/2up,
Main_Page,1959,37,8,575,200,https://search.archives.nat.tn/fr/ANTthekira/Lecteur_des_archives/La%20Tunisie%20Medicale-1959#page/575/mode/2up,
Main_Page,1956,34,10,1003,201,https://search.archives.nat.tn/fr/ANTthekira/Lecteur_des_archives/La%20Tunisie%20Medicale-1956#page/1003/mode/2up,
